location_id,recurrence_month,last_job_month,job_id,job_completed_local,note,,
5923371,6,3,9.25564E+14,2023-03-16T17:11:54-07:00,MONTH MISMATCH | LAST JOB CANCELED,https://app.servicetrade.com/locations/5923371,https://app.servicetrade.com/locations/5923371
5923410,4,5,1977095996615361,2025-05-23T18:30:00-07:00,MONTH MISMATCH,https://app.servicetrade.com/locations/5923410,https://app.servicetrade.com/locations/5923410
5923422,7,5,2053631211834497,2025-05-30T16:00:00-07:00,MONTH MISMATCH,https://app.servicetrade.com/locations/5923422,https://app.servicetrade.com/locations/5923422
5923430,4,5,1977095037832833,2025-05-07T12:00:00-07:00,MONTH MISMATCH,https://app.servicetrade.com/locations/5923430,https://app.servicetrade.com/locations/5923430
5923433,6,5,2023981485872705,2025-05-20T16:00:00-07:00,MONTH MISMATCH,https://app.servicetrade.com/locations/5923433,https://app.servicetrade.com/locations/5923433
5923446,11,10,1664226684811201,2024-10-22T10:15:00-07:00,MONTH MISMATCH,https://app.servicetrade.com/locations/5923446,https://app.servicetrade.com/locations/5923446
5923485,10,9,1664174799623553,2024-09-06T16:30:00-07:00,MONTH MISMATCH,https://app.servicetrade.com/locations/5923485,https://app.servicetrade.com/locations/5923485
5923489,8,7,2104326282857089,2025-07-30T16:30:00-07:00,MONTH MISMATCH,https://app.servicetrade.com/locations/5923489,https://app.servicetrade.com/locations/5923489
5923498,7,6,2053631214437505,2025-06-27T16:30:00-07:00,MONTH MISMATCH,https://app.servicetrade.com/locations/5923498,https://app.servicetrade.com/locations/5923498
5923519,7,5,2023981485773057,2025-05-28T16:30:00-07:00,MONTH MISMATCH,https://app.servicetrade.com/locations/5923519,https://app.servicetrade.com/locations/5923519
5923530,8,9,1604614721774145,2024-09-12T16:15:00-07:00,MONTH MISMATCH,https://app.servicetrade.com/locations/5923530,https://app.servicetrade.com/locations/5923530
5923541,9,8,2142885402398145,2025-08-22T16:00:00-07:00,MONTH MISMATCH,https://app.servicetrade.com/locations/5923541,https://app.servicetrade.com/locations/5923541
5923562,8,7,2104327384847873,2025-07-31T15:00:00-07:00,MONTH MISMATCH,https://app.servicetrade.com/locations/5923562,https://app.servicetrade.com/locations/5923562
5923568,7,6,2053631216534913,2025-06-03T14:45:25-07:00,MONTH MISMATCH,https://app.servicetrade.com/locations/5923568,https://app.servicetrade.com/locations/5923568
5948576,9,6,9.25564E+14,2023-06-26T15:15:00-07:00,MONTH MISMATCH,https://app.servicetrade.com/locations/5948576,https://app.servicetrade.com/locations/5948576
5948589,11,5,1911803316947649,2025-05-14T15:00:00-07:00,MONTH MISMATCH,https://app.servicetrade.com/locations/5948589,https://app.servicetrade.com/locations/5948589
5948595,6,5,2023981487088578,2025-05-09T16:15:00-07:00,MONTH MISMATCH,https://app.servicetrade.com/locations/5948595,https://app.servicetrade.com/locations/5948595
5948699,9,11,1664226689391617,2024-11-07T09:31:20-08:00,MONTH MISMATCH,https://app.servicetrade.com/locations/5948699,https://app.servicetrade.com/locations/5948699
5948859,4,5,1977095488388865,2025-05-06T18:00:00-07:00,MONTH MISMATCH,https://app.servicetrade.com/locations/5948859,https://app.servicetrade.com/locations/5948859
5949001,11,10,1604614726044161,2024-10-04T16:00:00-07:00,MONTH MISMATCH,https://app.servicetrade.com/locations/5949001,https://app.servicetrade.com/locations/5949001
5949006,12,11,1703765429775617,2024-11-01T14:30:00-07:00,MONTH MISMATCH,https://app.servicetrade.com/locations/5949006,https://app.servicetrade.com/locations/5949006
5949009,9,5,1446485732587649,2024-05-08T16:30:00-07:00,MONTH MISMATCH,https://app.servicetrade.com/locations/5949009,https://app.servicetrade.com/locations/5949009
5949017,11,2,1835584708393537,2025-02-03T09:00:00-08:00,MONTH MISMATCH,https://app.servicetrade.com/locations/5949017,https://app.servicetrade.com/locations/5949017
5949086,12,11,1703761994995521,2024-11-01T11:00:00-07:00,MONTH MISMATCH,https://app.servicetrade.com/locations/5949086,https://app.servicetrade.com/locations/5949086
5949142,5,6,2023978388792321,2025-06-23T16:30:00-07:00,MONTH MISMATCH,https://app.servicetrade.com/locations/5949142,https://app.servicetrade.com/locations/5949142
5970376,10,9,1604614723690177,2024-09-23T16:30:00-07:00,MONTH MISMATCH,https://app.servicetrade.com/locations/5970376,https://app.servicetrade.com/locations/5970376
5970384,8,9,1673958987505921,2024-09-20T11:00:00-07:00,MONTH MISMATCH,https://app.servicetrade.com/locations/5970384,https://app.servicetrade.com/locations/5970384
5970389,9,7,2142887962306561,2025-07-23T15:58:21-07:00,MONTH MISMATCH | LAST JOB CANCELED,https://app.servicetrade.com/locations/5970389,https://app.servicetrade.com/locations/5970389
5970432,3,4,1911803304847169,2025-04-09T11:00:00-07:00,MONTH MISMATCH,https://app.servicetrade.com/locations/5970432,https://app.servicetrade.com/locations/5970432
5970453,12,1,1746286125692545,2025-01-02T13:00:00-08:00,MONTH MISMATCH,https://app.servicetrade.com/locations/5970453,https://app.servicetrade.com/locations/5970453
5971055,3,7,2090287360993345,2025-07-07T16:30:00-07:00,MONTH MISMATCH,https://app.servicetrade.com/locations/5971055,https://app.servicetrade.com/locations/5971055
5971056,8,7,2104326994835841,2025-07-28T15:00:00-07:00,MONTH MISMATCH,https://app.servicetrade.com/locations/5971056,https://app.servicetrade.com/locations/5971056
5971067,9,6,17580065,2022-06-09T14:45:00-07:00,MONTH MISMATCH,https://app.servicetrade.com/locations/5971067,https://app.servicetrade.com/locations/5971067
5971135,9,10,1695221071907265,2024-10-10T11:30:00-07:00,MONTH MISMATCH,https://app.servicetrade.com/locations/5971135,https://app.servicetrade.com/locations/5971135
5971242,5,4,1961674186246209,2025-04-14T11:30:00-07:00,MONTH MISMATCH,https://app.servicetrade.com/locations/5971242,https://app.servicetrade.com/locations/5971242
5971282,11,6,1489993236543617,2024-06-21T14:45:00-07:00,MONTH MISMATCH,https://app.servicetrade.com/locations/5971282,https://app.servicetrade.com/locations/5971282
5971342,8,4,1991398834716033,2025-04-30T10:30:00-07:00,MONTH MISMATCH,https://app.servicetrade.com/locations/5971342,https://app.servicetrade.com/locations/5971342
5971381,5,4,1991399754199809,2025-04-22T15:15:00-07:00,MONTH MISMATCH,https://app.servicetrade.com/locations/5971381,https://app.servicetrade.com/locations/5971381
5971399,6,5,1465834547296257,2024-05-30T16:30:00-07:00,MONTH MISMATCH,https://app.servicetrade.com/locations/5971399,https://app.servicetrade.com/locations/5971399
5971427,6,5,2023981488266561,2025-05-08T16:30:00-07:00,MONTH MISMATCH,https://app.servicetrade.com/locations/5971427,https://app.servicetrade.com/locations/5971427
5971438,7,6,2023984941210305,2025-06-06T14:30:00-07:00,MONTH MISMATCH,https://app.servicetrade.com/locations/5971438,https://app.servicetrade.com/locations/5971438
5971449,8,7,2053631211237699,2025-07-21T15:00:00-07:00,MONTH MISMATCH,https://app.servicetrade.com/locations/5971449,https://app.servicetrade.com/locations/5971449
5971508,6,5,2023981486843585,2025-05-20T16:30:00-07:00,MONTH MISMATCH,https://app.servicetrade.com/locations/5971508,https://app.servicetrade.com/locations/5971508
5971535,9,10,1604614729310017,2024-10-16T12:00:00-07:00,MONTH MISMATCH,https://app.servicetrade.com/locations/5971535,https://app.servicetrade.com/locations/5971535
5971538,9,10,1604614726274497,2024-10-16T16:30:00-07:00,MONTH MISMATCH,https://app.servicetrade.com/locations/5971538,https://app.servicetrade.com/locations/5971538
5971556,5,6,1982649938296321,2025-06-03T12:00:00-07:00,MONTH MISMATCH,https://app.servicetrade.com/locations/5971556,https://app.servicetrade.com/locations/5971556
5971562,4,9,2142887960945857,2025-09-04T14:30:00-07:00,MONTH MISMATCH,https://app.servicetrade.com/locations/5971562,https://app.servicetrade.com/locations/5971562
6133667,3,8,2181051766279233,2025-08-25T16:30:00-07:00,MONTH MISMATCH,https://app.servicetrade.com/locations/6133667,https://app.servicetrade.com/locations/6133667
6134190,7,6,2023984943123649,2025-06-30T16:30:00-07:00,MONTH MISMATCH,https://app.servicetrade.com/locations/6134190,https://app.servicetrade.com/locations/6134190
6164835,9,8,1664226688857281,2024-08-19T12:38:55-07:00,MONTH MISMATCH | LAST JOB CANCELED,https://app.servicetrade.com/locations/6164835,https://app.servicetrade.com/locations/6164835
6164850,9,3,1977132329621761,2025-03-31T16:30:00-07:00,MONTH MISMATCH,https://app.servicetrade.com/locations/6164850,https://app.servicetrade.com/locations/6164850
6183391,4,3,1911803310615617,2025-03-03T13:45:00-08:00,MONTH MISMATCH,https://app.servicetrade.com/locations/6183391,https://app.servicetrade.com/locations/6183391
6183425,12,10,1664226688942785,2024-10-24T16:30:00-07:00,MONTH MISMATCH,https://app.servicetrade.com/locations/6183425,https://app.servicetrade.com/locations/6183425
6183630,7,6,2053631216245505,2025-06-30T16:15:00-07:00,MONTH MISMATCH,https://app.servicetrade.com/locations/6183630,https://app.servicetrade.com/locations/6183630
6192080,7,6,2053631221018881,2025-06-30T10:00:00-07:00,MONTH MISMATCH,https://app.servicetrade.com/locations/6192080,https://app.servicetrade.com/locations/6192080
6192186,9,7,2104327379838017,2025-07-31T16:30:00-07:00,MONTH MISMATCH,https://app.servicetrade.com/locations/6192186,https://app.servicetrade.com/locations/6192186
6212952,10,8,2179710569281729,2025-08-18T16:16:15-07:00,MONTH MISMATCH | LAST JOB CANCELED,https://app.servicetrade.com/locations/6212952,https://app.servicetrade.com/locations/6212952
6218845,8,7,2104327384156801,2025-07-18T12:00:00-07:00,MONTH MISMATCH,https://app.servicetrade.com/locations/6218845,https://app.servicetrade.com/locations/6218845
6219001,9,8,1564914334537921,2024-08-28T16:30:00-07:00,MONTH MISMATCH,https://app.servicetrade.com/locations/6219001,https://app.servicetrade.com/locations/6219001
6229185,9,8,1604614722798657,2024-08-15T10:15:00-07:00,MONTH MISMATCH,https://app.servicetrade.com/locations/6229185,https://app.servicetrade.com/locations/6229185
6239430,8,7,2104326993716673,2025-07-24T16:30:00-07:00,MONTH MISMATCH,https://app.servicetrade.com/locations/6239430,https://app.servicetrade.com/locations/6239430
6239473,4,1,1703761998164929,2025-01-09T12:22:26-08:00,MONTH MISMATCH,https://app.servicetrade.com/locations/6239473,https://app.servicetrade.com/locations/6239473
6239490,9,8,2142887961192641,2025-08-22T16:00:00-07:00,MONTH MISMATCH,https://app.servicetrade.com/locations/6239490,https://app.servicetrade.com/locations/6239490
6239630,8,7,1604614726796673,2024-07-08T09:58:30-07:00,MONTH MISMATCH | LAST JOB CANCELED,https://app.servicetrade.com/locations/6239630,https://app.servicetrade.com/locations/6239630
6254534,8,7,2104326994045121,2025-07-28T15:45:00-07:00,MONTH MISMATCH,https://app.servicetrade.com/locations/6254534,https://app.servicetrade.com/locations/6254534
6254635,11,2,1903309206375745,2025-02-12T16:30:00-08:00,MONTH MISMATCH,https://app.servicetrade.com/locations/6254635,https://app.servicetrade.com/locations/6254635
6254729,8,7,2104326992964545,2025-07-24T16:15:00-07:00,MONTH MISMATCH,https://app.servicetrade.com/locations/6254729,https://app.servicetrade.com/locations/6254729
6254778,8,9,2104326998477249,2025-09-11T15:45:00-07:00,MONTH MISMATCH,https://app.servicetrade.com/locations/6254778,https://app.servicetrade.com/locations/6254778
6254794,1,11,1664226688746369,2024-11-21T14:45:00-08:00,MONTH MISMATCH,https://app.servicetrade.com/locations/6254794,https://app.servicetrade.com/locations/6254794
6255603,9,8,1604614723841153,2024-08-26T16:15:00-07:00,MONTH MISMATCH,https://app.servicetrade.com/locations/6255603,https://app.servicetrade.com/locations/6255603
6261292,8,9,1604614723758977,2024-09-06T16:30:00-07:00,MONTH MISMATCH,https://app.servicetrade.com/locations/6261292,https://app.servicetrade.com/locations/6261292
6261459,8,7,1119482551754242,2023-07-31T16:56:32-07:00,MONTH MISMATCH | LAST JOB CANCELED,https://app.servicetrade.com/locations/6261459,https://app.servicetrade.com/locations/6261459
6261548,8,9,1604614723032833,2024-09-25T09:15:00-07:00,MONTH MISMATCH,https://app.servicetrade.com/locations/6261548,https://app.servicetrade.com/locations/6261548
6313069,6,5,2023981485623617,2025-05-16T16:15:00-07:00,MONTH MISMATCH,https://app.servicetrade.com/locations/6313069,https://app.servicetrade.com/locations/6313069
6315159,12,11,1664226685024385,2024-11-13T16:30:00-08:00,MONTH MISMATCH,https://app.servicetrade.com/locations/6315159,https://app.servicetrade.com/locations/6315159
6315180,11,10,1746286127502209,2024-10-28T16:15:00-07:00,MONTH MISMATCH,https://app.servicetrade.com/locations/6315180,https://app.servicetrade.com/locations/6315180
6408420,1,12,1703765429368513,2024-12-16T11:30:00-08:00,MONTH MISMATCH,https://app.servicetrade.com/locations/6408420,https://app.servicetrade.com/locations/6408420
6408441,12,10,1664208917291649,2024-10-31T14:00:00-07:00,MONTH MISMATCH,https://app.servicetrade.com/locations/6408441,https://app.servicetrade.com/locations/6408441
6408543,9,8,2142887961995265,2025-08-29T16:30:00-07:00,MONTH MISMATCH,https://app.servicetrade.com/locations/6408543,https://app.servicetrade.com/locations/6408543
6415732,9,10,1664226687046721,2024-10-04T16:00:00-07:00,MONTH MISMATCH,https://app.servicetrade.com/locations/6415732,https://app.servicetrade.com/locations/6415732
6415763,1,12,1746286125023809,2024-12-23T15:30:00-08:00,MONTH MISMATCH,https://app.servicetrade.com/locations/6415763,https://app.servicetrade.com/locations/6415763
6416100,11,9,1664226686419201,2024-09-24T15:15:00-07:00,MONTH MISMATCH,https://app.servicetrade.com/locations/6416100,https://app.servicetrade.com/locations/6416100
6416302,10,5,2000853953836929,2025-05-30T16:30:00-07:00,MONTH MISMATCH,https://app.servicetrade.com/locations/6416302,https://app.servicetrade.com/locations/6416302
6416496,7,6,2053631217713025,2025-06-16T16:30:00-07:00,MONTH MISMATCH,https://app.servicetrade.com/locations/6416496,https://app.servicetrade.com/locations/6416496
6416506,9,8,2142886420548737,2025-08-19T11:45:00-07:00,MONTH MISMATCH,https://app.servicetrade.com/locations/6416506,https://app.servicetrade.com/locations/6416506
6417204,12,11,1664226688277057,2024-11-25T16:15:00-08:00,MONTH MISMATCH,https://app.servicetrade.com/locations/6417204,https://app.servicetrade.com/locations/6417204
6417385,9,8,2142886419555521,2025-08-01T09:30:00-07:00,MONTH MISMATCH,https://app.servicetrade.com/locations/6417385,https://app.servicetrade.com/locations/6417385
6417513,9,10,1664226684840897,2024-10-21T16:30:00-07:00,MONTH MISMATCH,https://app.servicetrade.com/locations/6417513,https://app.servicetrade.com/locations/6417513
6419223,1,10,1664208918736513,2024-10-30T10:30:00-07:00,MONTH MISMATCH,https://app.servicetrade.com/locations/6419223,https://app.servicetrade.com/locations/6419223
6419617,10,12,1824474378968065,2024-12-16T14:00:00-08:00,MONTH MISMATCH,https://app.servicetrade.com/locations/6419617,https://app.servicetrade.com/locations/6419617
6423342,9,10,1664231633316481,2024-10-07T10:00:00-07:00,MONTH MISMATCH,https://app.servicetrade.com/locations/6423342,https://app.servicetrade.com/locations/6423342
6427093,10,5,1529531821151553,2024-05-16T09:00:13-07:00,MONTH MISMATCH,https://app.servicetrade.com/locations/6427093,https://app.servicetrade.com/locations/6427093
6433595,1,12,1746286121638913,2024-12-16T11:30:00-08:00,MONTH MISMATCH,https://app.servicetrade.com/locations/6433595,https://app.servicetrade.com/locations/6433595
6458742,5,6,1991394731179521,2025-06-17T16:30:00-07:00,MONTH MISMATCH,https://app.servicetrade.com/locations/6458742,https://app.servicetrade.com/locations/6458742
6462635,9,10,1664226685685185,2024-10-02T15:00:00-07:00,MONTH MISMATCH,https://app.servicetrade.com/locations/6462635,https://app.servicetrade.com/locations/6462635
6468705,12,1,1803238443161985,2025-01-20T14:45:00-08:00,MONTH MISMATCH,https://app.servicetrade.com/locations/6468705,https://app.servicetrade.com/locations/6468705
6468737,11,12,1746286125909377,2024-12-05T16:30:00-08:00,MONTH MISMATCH,https://app.servicetrade.com/locations/6468737,https://app.servicetrade.com/locations/6468737
6469884,10,11,1703765431481921,2024-11-26T13:00:00-08:00,MONTH MISMATCH,https://app.servicetrade.com/locations/6469884,https://app.servicetrade.com/locations/6469884
6469924,10,11,1703765428727553,2024-11-26T16:30:00-08:00,MONTH MISMATCH,https://app.servicetrade.com/locations/6469924,https://app.servicetrade.com/locations/6469924
6469946,10,11,1703765430052225,2024-11-26T14:30:00-08:00,MONTH MISMATCH,https://app.servicetrade.com/locations/6469946,https://app.servicetrade.com/locations/6469946
6470083,10,9,2179710568435265,2025-09-08T16:15:00-07:00,MONTH MISMATCH,https://app.servicetrade.com/locations/6470083,https://app.servicetrade.com/locations/6470083
6470113,1,3,1885314151592961,2025-03-21T16:30:00-07:00,MONTH MISMATCH,https://app.servicetrade.com/locations/6470113,https://app.servicetrade.com/locations/6470113
6470142,9,10,1664226689084993,2024-10-10T16:00:00-07:00,MONTH MISMATCH,https://app.servicetrade.com/locations/6470142,https://app.servicetrade.com/locations/6470142
6471213,11,12,1746286128695937,2024-12-20T10:30:00-08:00,MONTH MISMATCH,https://app.servicetrade.com/locations/6471213,https://app.servicetrade.com/locations/6471213
6471248,8,7,1604614723330945,2024-07-08T09:58:30-07:00,MONTH MISMATCH | LAST JOB CANCELED,https://app.servicetrade.com/locations/6471248,https://app.servicetrade.com/locations/6471248
6471288,10,11,1703765429881537,2024-11-20T16:26:39-08:00,MONTH MISMATCH,https://app.servicetrade.com/locations/6471288,https://app.servicetrade.com/locations/6471288
6533302,12,1,1803238443311809,2025-01-20T16:30:00-08:00,MONTH MISMATCH,https://app.servicetrade.com/locations/6533302,https://app.servicetrade.com/locations/6533302
6639114,7,10,1664226688359681,2024-10-21T15:45:00-07:00,MONTH MISMATCH,https://app.servicetrade.com/locations/6639114,https://app.servicetrade.com/locations/6639114
6640629,6,5,2023978391366977,2025-05-23T11:00:00-07:00,MONTH MISMATCH,https://app.servicetrade.com/locations/6640629,https://app.servicetrade.com/locations/6640629
6680213,11,12,1746286128839681,2024-12-23T15:15:00-08:00,MONTH MISMATCH,https://app.servicetrade.com/locations/6680213,https://app.servicetrade.com/locations/6680213
6680227,1,12,1746286120271169,2024-12-03T11:45:00-08:00,MONTH MISMATCH,https://app.servicetrade.com/locations/6680227,https://app.servicetrade.com/locations/6680227
6696930,10,8,2179710565024577,2025-08-27T10:52:51-07:00,MONTH MISMATCH,https://app.servicetrade.com/locations/6696930,https://app.servicetrade.com/locations/6696930
6697221,1,12,1803238440903361,2024-12-20T14:50:25-08:00,MONTH MISMATCH,https://app.servicetrade.com/locations/6697221,https://app.servicetrade.com/locations/6697221
6699145,11,10,7.05588E+14,2022-10-12T07:41:40-07:00,MONTH MISMATCH | LAST JOB CANCELED,https://app.servicetrade.com/locations/6699145,https://app.servicetrade.com/locations/6699145
6700651,11,12,1746286122846849,2024-12-12T16:30:00-08:00,MONTH MISMATCH,https://app.servicetrade.com/locations/6700651,https://app.servicetrade.com/locations/6700651
6700962,1,12,1746286124932801,2024-12-09T16:30:00-08:00,MONTH MISMATCH,https://app.servicetrade.com/locations/6700962,https://app.servicetrade.com/locations/6700962
6701087,6,3,1902286335228417,2025-03-31T16:30:00-07:00,MONTH MISMATCH,https://app.servicetrade.com/locations/6701087,https://app.servicetrade.com/locations/6701087
6701176,2,1,1803238443866497,2025-01-15T14:30:00-08:00,MONTH MISMATCH,https://app.servicetrade.com/locations/6701176,https://app.servicetrade.com/locations/6701176
6701200,10,12,1746286123781889,2024-12-03T16:00:00-08:00,MONTH MISMATCH,https://app.servicetrade.com/locations/6701200,https://app.servicetrade.com/locations/6701200
6701202,11,1,1746286125620225,2025-01-23T10:30:00-08:00,MONTH MISMATCH,https://app.servicetrade.com/locations/6701202,https://app.servicetrade.com/locations/6701202
6714703,9,8,2142886421863617,2025-08-25T12:00:00-07:00,MONTH MISMATCH,https://app.servicetrade.com/locations/6714703,https://app.servicetrade.com/locations/6714703
6714711,4,5,1961682730145153,2025-05-01T16:30:00-07:00,MONTH MISMATCH,https://app.servicetrade.com/locations/6714711,https://app.servicetrade.com/locations/6714711
6714749,2,12,1746286121493569,2024-12-19T16:30:00-08:00,MONTH MISMATCH,https://app.servicetrade.com/locations/6714749,https://app.servicetrade.com/locations/6714749
6715053,7,12,1746286123617473,2024-12-23T16:00:00-08:00,MONTH MISMATCH,https://app.servicetrade.com/locations/6715053,https://app.servicetrade.com/locations/6715053
6715092,11,1,1746286128601729,2025-01-10T12:00:00-08:00,MONTH MISMATCH,https://app.servicetrade.com/locations/6715092,https://app.servicetrade.com/locations/6715092
6720542,1,11,1736383105979137,2024-11-20T12:30:00-08:00,MONTH MISMATCH,https://app.servicetrade.com/locations/6720542,https://app.servicetrade.com/locations/6720542
6720556,1,11,1736383105855105,2024-11-20T16:00:00-08:00,MONTH MISMATCH,https://app.servicetrade.com/locations/6720556,https://app.servicetrade.com/locations/6720556
6720678,1,2,1825883849385281,2025-02-04T15:00:00-08:00,MONTH MISMATCH,https://app.servicetrade.com/locations/6720678,https://app.servicetrade.com/locations/6720678
6720835,12,1,1803238444782211,2025-01-17T10:30:00-08:00,MONTH MISMATCH,https://app.servicetrade.com/locations/6720835,https://app.servicetrade.com/locations/6720835
6720871,11,12,1746286127898945,2024-12-18T16:30:00-08:00,MONTH MISMATCH,https://app.servicetrade.com/locations/6720871,https://app.servicetrade.com/locations/6720871
6721160,11,12,1746286127855297,2024-12-20T11:15:00-08:00,MONTH MISMATCH,https://app.servicetrade.com/locations/6721160,https://app.servicetrade.com/locations/6721160
6721372,11,1,1746286129169793,2025-01-02T11:45:00-08:00,MONTH MISMATCH,https://app.servicetrade.com/locations/6721372,https://app.servicetrade.com/locations/6721372
6755331,10,11,6.49398E+14,2022-11-04T14:30:00-07:00,MONTH MISMATCH,https://app.servicetrade.com/locations/6755331,https://app.servicetrade.com/locations/6755331
6758336,3,5,1911803297217153,2025-05-01T15:30:00-07:00,MONTH MISMATCH,https://app.servicetrade.com/locations/6758336,https://app.servicetrade.com/locations/6758336
6758389,8,7,1803238853134529,2025-07-24T14:30:00-07:00,MONTH MISMATCH,https://app.servicetrade.com/locations/6758389,https://app.servicetrade.com/locations/6758389
6758529,2,3,1877869494000385,2025-03-03T12:00:00-08:00,MONTH MISMATCH,https://app.servicetrade.com/locations/6758529,https://app.servicetrade.com/locations/6758529
6758560,12,2,1803238441841409,2025-02-04T15:45:00-08:00,MONTH MISMATCH,https://app.servicetrade.com/locations/6758560,https://app.servicetrade.com/locations/6758560
6758613,12,1,1803238441510465,2025-01-03T16:30:00-08:00,MONTH MISMATCH,https://app.servicetrade.com/locations/6758613,https://app.servicetrade.com/locations/6758613
6758886,6,1,1803238442633729,2025-01-15T12:30:00-08:00,MONTH MISMATCH,https://app.servicetrade.com/locations/6758886,https://app.servicetrade.com/locations/6758886
6758899,1,2,1903413172630977,2025-02-13T10:30:00-08:00,MONTH MISMATCH,https://app.servicetrade.com/locations/6758899,https://app.servicetrade.com/locations/6758899
6758964,11,12,1746285128731329,2024-12-03T11:30:00-08:00,MONTH MISMATCH,https://app.servicetrade.com/locations/6758964,https://app.servicetrade.com/locations/6758964
6760119,12,4,1991399752178241,2025-04-07T15:36:35-07:00,MONTH MISMATCH | LAST JOB CANCELED,https://app.servicetrade.com/locations/6760119,https://app.servicetrade.com/locations/6760119
6761125,12,1,1815973158485441,2025-01-03T14:00:00-08:00,MONTH MISMATCH,https://app.servicetrade.com/locations/6761125,https://app.servicetrade.com/locations/6761125
6770510,1,5,2013917643766337,2025-05-02T10:30:00-07:00,MONTH MISMATCH,https://app.servicetrade.com/locations/6770510,https://app.servicetrade.com/locations/6770510
6771188,2,12,1817209703666049,2024-12-05T15:30:00-08:00,MONTH MISMATCH,https://app.servicetrade.com/locations/6771188,https://app.servicetrade.com/locations/6771188
6797711,11,1,1734996694973441,2025-01-31T16:30:00-08:00,MONTH MISMATCH,https://app.servicetrade.com/locations/6797711,https://app.servicetrade.com/locations/6797711
6801664,7,6,2053631217041025,2025-06-30T15:45:00-07:00,MONTH MISMATCH,https://app.servicetrade.com/locations/6801664,https://app.servicetrade.com/locations/6801664
6801671,3,4,1911803309954433,2025-04-01T11:15:00-07:00,MONTH MISMATCH,https://app.servicetrade.com/locations/6801671,https://app.servicetrade.com/locations/6801671
6801689,1,11,1291913823821313,2023-11-30T11:22:42-08:00,MONTH MISMATCH | LAST JOB CANCELED,https://app.servicetrade.com/locations/6801689,https://app.servicetrade.com/locations/6801689
6804974,3,2,1911803304241537,2025-02-28T12:00:00-08:00,MONTH MISMATCH,https://app.servicetrade.com/locations/6804974,https://app.servicetrade.com/locations/6804974
6805320,5,4,1911803317262529,2025-04-17T16:30:00-07:00,MONTH MISMATCH,https://app.servicetrade.com/locations/6805320,https://app.servicetrade.com/locations/6805320
6821607,5,4,1991401109011969,2025-04-07T15:37:57-07:00,MONTH MISMATCH | LAST JOB CANCELED,https://app.servicetrade.com/locations/6821607,https://app.servicetrade.com/locations/6821607
6840898,7,6,2023984941012546,2025-06-13T16:30:00-07:00,MONTH MISMATCH,https://app.servicetrade.com/locations/6840898,https://app.servicetrade.com/locations/6840898
6843828,3,1,1746286126916993,2025-01-02T15:30:00-08:00,MONTH MISMATCH,https://app.servicetrade.com/locations/6843828,https://app.servicetrade.com/locations/6843828
6851359,12,3,1368227253302337,2024-03-14T14:00:00-07:00,MONTH MISMATCH,https://app.servicetrade.com/locations/6851359,https://app.servicetrade.com/locations/6851359
6851371,5,4,1991399754406081,2025-04-23T16:15:00-07:00,MONTH MISMATCH,https://app.servicetrade.com/locations/6851371,https://app.servicetrade.com/locations/6851371
6852544,3,2,1877861766893313,2025-02-12T16:30:00-08:00,MONTH MISMATCH,https://app.servicetrade.com/locations/6852544,https://app.servicetrade.com/locations/6852544
6852771,6,8,2151144775385665,2025-08-26T12:30:00-07:00,MONTH MISMATCH,https://app.servicetrade.com/locations/6852771,https://app.servicetrade.com/locations/6852771
6871009,6,5,2023981486889665,2025-05-28T15:15:00-07:00,MONTH MISMATCH,https://app.servicetrade.com/locations/6871009,https://app.servicetrade.com/locations/6871009
6871066,2,3,1877861767383553,2025-03-21T16:30:00-07:00,MONTH MISMATCH,https://app.servicetrade.com/locations/6871066,https://app.servicetrade.com/locations/6871066
6978031,8,6,2060372783907777,2025-06-23T16:45:00-07:00,MONTH MISMATCH,https://app.servicetrade.com/locations/6978031,https://app.servicetrade.com/locations/6978031
6978159,9,10,1399572557396289,2024-10-03T13:00:00-07:00,MONTH MISMATCH,https://app.servicetrade.com/locations/6978159,https://app.servicetrade.com/locations/6978159
6978251,3,2,8.74562E+14,2023-02-08T15:30:24-08:00,MONTH MISMATCH,https://app.servicetrade.com/locations/6978251,https://app.servicetrade.com/locations/6978251
6982234,6,5,2023981485361281,2025-05-30T16:30:00-07:00,MONTH MISMATCH,https://app.servicetrade.com/locations/6982234,https://app.servicetrade.com/locations/6982234
6982332,3,4,1911803308367745,2025-04-11T15:15:00-07:00,MONTH MISMATCH,https://app.servicetrade.com/locations/6982332,https://app.servicetrade.com/locations/6982332
6982479,4,3,1961682731827713,2025-03-13T16:30:00-07:00,MONTH MISMATCH,https://app.servicetrade.com/locations/6982479,https://app.servicetrade.com/locations/6982479
6987945,5,6,1991396358618497,2025-06-26T16:30:00-07:00,MONTH MISMATCH,https://app.servicetrade.com/locations/6987945,https://app.servicetrade.com/locations/6987945
6988058,11,12,1746286123262401,2024-12-02T14:00:00-08:00,MONTH MISMATCH,https://app.servicetrade.com/locations/6988058,https://app.servicetrade.com/locations/6988058
7007850,3,2,8.74562E+14,2023-02-08T15:30:24-08:00,MONTH MISMATCH | LAST JOB CANCELED,https://app.servicetrade.com/locations/7007850,https://app.servicetrade.com/locations/7007850
7008250,3,2,8.74562E+14,2023-02-08T15:30:24-08:00,MONTH MISMATCH | LAST JOB CANCELED,https://app.servicetrade.com/locations/7008250,https://app.servicetrade.com/locations/7008250
7018193,12,1,1803238441240769,2025-01-15T15:15:00-08:00,MONTH MISMATCH,https://app.servicetrade.com/locations/7018193,https://app.servicetrade.com/locations/7018193
7089533,5,7,2119974534276609,2025-07-18T11:30:00-07:00,MONTH MISMATCH,https://app.servicetrade.com/locations/7089533,https://app.servicetrade.com/locations/7089533
7092418,6,5,2023984939482625,2025-05-29T16:30:00-07:00,MONTH MISMATCH,https://app.servicetrade.com/locations/7092418,https://app.servicetrade.com/locations/7092418
7092455,6,5,2022255516111937,2025-05-01T13:00:00-07:00,MONTH MISMATCH,https://app.servicetrade.com/locations/7092455,https://app.servicetrade.com/locations/7092455
7093387,5,4,1961682731011841,2025-04-16T16:00:00-07:00,MONTH MISMATCH,https://app.servicetrade.com/locations/7093387,https://app.servicetrade.com/locations/7093387
7093651,5,4,1991399754338817,2025-04-24T09:00:00-07:00,MONTH MISMATCH,https://app.servicetrade.com/locations/7093651,https://app.servicetrade.com/locations/7093651
7093751,4,8,1650206814326401,2024-08-16T12:00:00-07:00,MONTH MISMATCH,https://app.servicetrade.com/locations/7093751,https://app.servicetrade.com/locations/7093751
7093755,5,4,1961682732291073,2025-04-11T16:00:00-07:00,MONTH MISMATCH,https://app.servicetrade.com/locations/7093755,https://app.servicetrade.com/locations/7093755
7097695,6,5,2023981487835329,2025-05-08T16:30:00-07:00,MONTH MISMATCH,https://app.servicetrade.com/locations/7097695,https://app.servicetrade.com/locations/7097695
7097826,6,8,2179710568712257,2025-08-18T16:16:15-07:00,MONTH MISMATCH | LAST JOB CANCELED,https://app.servicetrade.com/locations/7097826,https://app.servicetrade.com/locations/7097826
7119426,7,3,1825883849692993,2025-03-07T09:15:00-08:00,MONTH MISMATCH,https://app.servicetrade.com/locations/7119426,https://app.servicetrade.com/locations/7119426
7119430,7,3,1825883852573761,2025-03-07T09:30:00-08:00,MONTH MISMATCH,https://app.servicetrade.com/locations/7119430,https://app.servicetrade.com/locations/7119430
7155988,5,4,1926233634052545,2025-04-07T14:00:00-07:00,MONTH MISMATCH,https://app.servicetrade.com/locations/7155988,https://app.servicetrade.com/locations/7155988
7155990,7,,1634668311832897,2024-07-29T15:30:35-07:00,LAST JOB CANCELED,https://app.servicetrade.com/locations/7155990,https://app.servicetrade.com/locations/7155990
7178922,8,7,2104327385137601,2025-07-30T16:30:00-07:00,MONTH MISMATCH,https://app.servicetrade.com/locations/7178922,https://app.servicetrade.com/locations/7178922
7178985,12,6,1465900091765697,2024-06-14T15:00:00-07:00,MONTH MISMATCH,https://app.servicetrade.com/locations/7178985,https://app.servicetrade.com/locations/7178985
7179125,5,6,1465900088354369,2024-06-13T13:55:38-07:00,MONTH MISMATCH,https://app.servicetrade.com/locations/7179125,https://app.servicetrade.com/locations/7179125
7181778,5,4,1991399753718337,2025-04-23T15:00:00-07:00,MONTH MISMATCH,https://app.servicetrade.com/locations/7181778,https://app.servicetrade.com/locations/7181778
7274961,2,12,8.03655E+14,2022-12-20T13:20:27-08:00,MONTH MISMATCH | LAST JOB CANCELED,https://app.servicetrade.com/locations/7274961,https://app.servicetrade.com/locations/7274961
7285911,2,12,8.03655E+14,2022-12-20T13:20:27-08:00,MONTH MISMATCH | LAST JOB CANCELED,https://app.servicetrade.com/locations/7285911,https://app.servicetrade.com/locations/7285911
7304612,6,5,2023979082343361,2025-05-14T15:30:00-07:00,MONTH MISMATCH,https://app.servicetrade.com/locations/7304612,https://app.servicetrade.com/locations/7304612
7304912,7,6,2053631206748417,2025-06-16T15:28:29-07:00,MONTH MISMATCH,https://app.servicetrade.com/locations/7304912,https://app.servicetrade.com/locations/7304912
7306271,8,9,1604610540083137,2024-09-10T11:30:00-07:00,MONTH MISMATCH,https://app.servicetrade.com/locations/7306271,https://app.servicetrade.com/locations/7306271
7306398,6,5,2023979082472065,2025-05-23T14:00:00-07:00,MONTH MISMATCH,https://app.servicetrade.com/locations/7306398,https://app.servicetrade.com/locations/7306398
7306813,5,4,1991399754877249,2025-04-30T10:30:00-07:00,MONTH MISMATCH,https://app.servicetrade.com/locations/7306813,https://app.servicetrade.com/locations/7306813
7311230,5,6,1991399124324865,2025-06-06T16:30:00-07:00,MONTH MISMATCH,https://app.servicetrade.com/locations/7311230,https://app.servicetrade.com/locations/7311230
7320113,7,6,2053631216659777,2025-06-30T16:30:00-07:00,MONTH MISMATCH,https://app.servicetrade.com/locations/7320113,https://app.servicetrade.com/locations/7320113
7320181,6,7,2023984941179841,2025-07-07T13:00:00-07:00,MONTH MISMATCH,https://app.servicetrade.com/locations/7320181,https://app.servicetrade.com/locations/7320181
7320460,7,6,2053631216518529,2025-06-30T13:30:00-07:00,MONTH MISMATCH,https://app.servicetrade.com/locations/7320460,https://app.servicetrade.com/locations/7320460
7320478,7,8,2142881454694849,2025-08-01T10:45:00-07:00,MONTH MISMATCH,https://app.servicetrade.com/locations/7320478,https://app.servicetrade.com/locations/7320478
7320512,6,5,2023984943506433,2025-05-22T10:09:51-07:00,MONTH MISMATCH,https://app.servicetrade.com/locations/7320512,https://app.servicetrade.com/locations/7320512
7320523,9,5,2036532719249537,2025-05-12T16:00:00-07:00,MONTH MISMATCH,https://app.servicetrade.com/locations/7320523,https://app.servicetrade.com/locations/7320523
7320529,7,6,2053628445973249,2025-06-30T11:30:00-07:00,MONTH MISMATCH,https://app.servicetrade.com/locations/7320529,https://app.servicetrade.com/locations/7320529
7327017,9,7,2142887964789313,2025-07-23T15:58:21-07:00,MONTH MISMATCH | LAST JOB CANCELED,https://app.servicetrade.com/locations/7327017,https://app.servicetrade.com/locations/7327017
7327253,8,9,2104327381973377,2025-09-03T10:30:00-07:00,MONTH MISMATCH,https://app.servicetrade.com/locations/7327253,https://app.servicetrade.com/locations/7327253
7333157,11,10,1604610538359361,2024-10-22T16:30:00-07:00,MONTH MISMATCH,https://app.servicetrade.com/locations/7333157,https://app.servicetrade.com/locations/7333157
7333188,8,9,2104327382038657,2025-09-03T11:30:00-07:00,MONTH MISMATCH,https://app.servicetrade.com/locations/7333188,https://app.servicetrade.com/locations/7333188
7333223,8,9,2104327379135425,2025-09-03T14:00:00-07:00,MONTH MISMATCH,https://app.servicetrade.com/locations/7333223,https://app.servicetrade.com/locations/7333223
7376822,8,10,1664173588552833,2024-10-25T15:30:00-07:00,MONTH MISMATCH,https://app.servicetrade.com/locations/7376822,https://app.servicetrade.com/locations/7376822
7384484,8,10,1604610536466305,2024-10-07T14:30:00-07:00,MONTH MISMATCH,https://app.servicetrade.com/locations/7384484,https://app.servicetrade.com/locations/7384484
7385274,2,3,1911803303235969,2025-03-27T09:59:43-07:00,MONTH MISMATCH,https://app.servicetrade.com/locations/7385274,https://app.servicetrade.com/locations/7385274
7385704,9,7,2053629431027905,2025-07-18T15:00:00-07:00,MONTH MISMATCH,https://app.servicetrade.com/locations/7385704,https://app.servicetrade.com/locations/7385704
7385766,8,9,1604610539161089,2024-09-13T13:00:00-07:00,MONTH MISMATCH,https://app.servicetrade.com/locations/7385766,https://app.servicetrade.com/locations/7385766
7385893,1,3,1766106929860033,2025-03-11T15:00:00-07:00,MONTH MISMATCH,https://app.servicetrade.com/locations/7385893,https://app.servicetrade.com/locations/7385893
7386254,8,9,1604610536857921,2024-09-13T16:30:00-07:00,MONTH MISMATCH,https://app.servicetrade.com/locations/7386254,https://app.servicetrade.com/locations/7386254
7386298,9,8,2142887962905729,2025-08-29T15:30:00-07:00,MONTH MISMATCH,https://app.servicetrade.com/locations/7386298,https://app.servicetrade.com/locations/7386298
7392248,6,5,2023982548820929,2025-05-23T15:30:00-07:00,MONTH MISMATCH,https://app.servicetrade.com/locations/7392248,https://app.servicetrade.com/locations/7392248
7392960,9,7,2142887963991233,2025-07-23T15:58:21-07:00,MONTH MISMATCH | LAST JOB CANCELED,https://app.servicetrade.com/locations/7392960,https://app.servicetrade.com/locations/7392960
7401691,8,9,1604610539575809,2024-09-27T14:30:00-07:00,MONTH MISMATCH,https://app.servicetrade.com/locations/7401691,https://app.servicetrade.com/locations/7401691
7401768,8,7,2104327381023361,2025-07-18T15:15:00-07:00,MONTH MISMATCH,https://app.servicetrade.com/locations/7401768,https://app.servicetrade.com/locations/7401768
7402212,11,9,1664173588825601,2024-09-18T13:30:00-07:00,MONTH MISMATCH,https://app.servicetrade.com/locations/7402212,https://app.servicetrade.com/locations/7402212
7402687,8,7,2104327378545985,2025-07-21T12:00:00-07:00,MONTH MISMATCH,https://app.servicetrade.com/locations/7402687,https://app.servicetrade.com/locations/7402687
7402977,8,9,1604610540147329,2024-09-18T12:30:00-07:00,MONTH MISMATCH,https://app.servicetrade.com/locations/7402977,https://app.servicetrade.com/locations/7402977
7403108,12,11,1664174799856385,2024-11-12T14:00:00-08:00,MONTH MISMATCH,https://app.servicetrade.com/locations/7403108,https://app.servicetrade.com/locations/7403108
7404707,10,9,1604610536188929,2024-09-11T16:00:00-07:00,MONTH MISMATCH,https://app.servicetrade.com/locations/7404707,https://app.servicetrade.com/locations/7404707
7404765,3,2,8.74562E+14,2023-02-08T15:30:24-08:00,MONTH MISMATCH | LAST JOB CANCELED,https://app.servicetrade.com/locations/7404765,https://app.servicetrade.com/locations/7404765
7404882,9,8,1561090431685697,2024-08-23T15:00:00-07:00,MONTH MISMATCH,https://app.servicetrade.com/locations/7404882,https://app.servicetrade.com/locations/7404882
7406130,9,8,2142887964545601,2025-08-27T16:00:00-07:00,MONTH MISMATCH,https://app.servicetrade.com/locations/7406130,https://app.servicetrade.com/locations/7406130
7407067,8,9,1604610536744065,2024-09-17T16:30:00-07:00,MONTH MISMATCH,https://app.servicetrade.com/locations/7407067,https://app.servicetrade.com/locations/7407067
7416791,6,5,2023978391846401,2025-05-16T15:30:00-07:00,MONTH MISMATCH,https://app.servicetrade.com/locations/7416791,https://app.servicetrade.com/locations/7416791
7421950,10,6,1465934415062401,2024-06-14T16:00:00-07:00,MONTH MISMATCH,https://app.servicetrade.com/locations/7421950,https://app.servicetrade.com/locations/7421950
7422112,9,10,1664173587842497,2024-10-10T13:30:00-07:00,MONTH MISMATCH,https://app.servicetrade.com/locations/7422112,https://app.servicetrade.com/locations/7422112
7422795,9,8,2142887960848577,2025-08-11T16:00:00-07:00,MONTH MISMATCH,https://app.servicetrade.com/locations/7422795,https://app.servicetrade.com/locations/7422795
7423321,9,8,2142886418316801,2025-08-11T16:30:00-07:00,MONTH MISMATCH,https://app.servicetrade.com/locations/7423321,https://app.servicetrade.com/locations/7423321
7453939,9,6,1545213940684417,2024-06-28T16:30:00-07:00,MONTH MISMATCH,https://app.servicetrade.com/locations/7453939,https://app.servicetrade.com/locations/7453939
7454548,10,9,1664173589503809,2024-09-10T16:30:00-07:00,MONTH MISMATCH,https://app.servicetrade.com/locations/7454548,https://app.servicetrade.com/locations/7454548
7456230,10,9,1604610538959297,2024-09-19T11:30:00-07:00,MONTH MISMATCH,https://app.servicetrade.com/locations/7456230,https://app.servicetrade.com/locations/7456230
7456652,12,11,1703761998462465,2024-11-01T10:00:00-07:00,MONTH MISMATCH,https://app.servicetrade.com/locations/7456652,https://app.servicetrade.com/locations/7456652
7465370,8,,,,NO ANNUAL FOUND,https://app.servicetrade.com/locations/7465370,https://app.servicetrade.com/locations/7465370
7467830,11,10,1664174801113729,2024-10-09T14:30:00-07:00,MONTH MISMATCH,https://app.servicetrade.com/locations/7467830,https://app.servicetrade.com/locations/7467830
7474160,11,10,1664174800121473,2024-10-10T16:30:00-07:00,MONTH MISMATCH,https://app.servicetrade.com/locations/7474160,https://app.servicetrade.com/locations/7474160
7474831,7,6,2101646402609601,2025-06-27T16:00:00-07:00,MONTH MISMATCH,https://app.servicetrade.com/locations/7474831,https://app.servicetrade.com/locations/7474831
7483254,6,7,2023984941308609,2025-07-02T12:00:00-07:00,MONTH MISMATCH,https://app.servicetrade.com/locations/7483254,https://app.servicetrade.com/locations/7483254
7498370,12,3,1924861550150465,2025-03-03T16:30:00-08:00,MONTH MISMATCH,https://app.servicetrade.com/locations/7498370,https://app.servicetrade.com/locations/7498370
7502287,10,12,1703761999754881,2024-12-13T13:30:00-08:00,MONTH MISMATCH,https://app.servicetrade.com/locations/7502287,https://app.servicetrade.com/locations/7502287
7502931,3,2,8.74562E+14,2023-02-08T15:30:24-08:00,MONTH MISMATCH | LAST JOB CANCELED,https://app.servicetrade.com/locations/7502931,https://app.servicetrade.com/locations/7502931
7510991,8,7,2142886419310593,2025-07-30T15:00:00-07:00,MONTH MISMATCH,https://app.servicetrade.com/locations/7510991,https://app.servicetrade.com/locations/7510991
7511432,9,8,2142886421434945,2025-08-26T15:00:00-07:00,MONTH MISMATCH,https://app.servicetrade.com/locations/7511432,https://app.servicetrade.com/locations/7511432
7522890,12,10,1703761997690177,2024-10-25T16:30:00-07:00,MONTH MISMATCH,https://app.servicetrade.com/locations/7522890,https://app.servicetrade.com/locations/7522890
7523433,8,9,1604610537992705,2024-09-12T16:30:00-07:00,MONTH MISMATCH,https://app.servicetrade.com/locations/7523433,https://app.servicetrade.com/locations/7523433
7525693,10,12,1703761995574657,2024-12-19T16:30:00-08:00,MONTH MISMATCH,https://app.servicetrade.com/locations/7525693,https://app.servicetrade.com/locations/7525693
7525723,7,6,2070449928234625,2025-06-11T16:30:00-07:00,MONTH MISMATCH,https://app.servicetrade.com/locations/7525723,https://app.servicetrade.com/locations/7525723
7526135,11,1,1746285133731137,2025-01-10T09:30:00-08:00,MONTH MISMATCH,https://app.servicetrade.com/locations/7526135,https://app.servicetrade.com/locations/7526135
7529591,8,7,2101647281329217,2025-07-25T13:30:00-07:00,MONTH MISMATCH,https://app.servicetrade.com/locations/7529591,https://app.servicetrade.com/locations/7529591
7531688,2,3,1825883851787649,2025-03-24T16:30:00-07:00,MONTH MISMATCH,https://app.servicetrade.com/locations/7531688,https://app.servicetrade.com/locations/7531688
7533165,1,4,1955561839633089,2025-04-10T16:30:00-07:00,MONTH MISMATCH,https://app.servicetrade.com/locations/7533165,https://app.servicetrade.com/locations/7533165
7533195,9,8,1664208919017537,2024-08-19T12:20:51-07:00,MONTH MISMATCH | LAST JOB CANCELED,https://app.servicetrade.com/locations/7533195,https://app.servicetrade.com/locations/7533195
7545157,11,9,1664173590875841,2024-09-13T16:30:00-07:00,MONTH MISMATCH,https://app.servicetrade.com/locations/7545157,https://app.servicetrade.com/locations/7545157
7546926,4,3,9.11127E+14,2023-03-06T11:26:39-08:00,MONTH MISMATCH | LAST JOB CANCELED,https://app.servicetrade.com/locations/7546926,https://app.servicetrade.com/locations/7546926
7547079,8,4,1446449924294401,2024-04-19T16:00:00-07:00,MONTH MISMATCH | LAST JOB CANCELED,https://app.servicetrade.com/locations/7547079,https://app.servicetrade.com/locations/7547079
7547144,6,5,2023984940601601,2025-05-26T16:30:00-07:00,MONTH MISMATCH,https://app.servicetrade.com/locations/7547144,https://app.servicetrade.com/locations/7547144
1.29675E+14,4,3,9.11127E+14,2023-03-06T11:26:39-08:00,MONTH MISMATCH | LAST JOB CANCELED,https://app.servicetrade.com/locations/129674705418043,https://app.servicetrade.com/locations/129674705418043
1.29675E+14,1,2,1877870152762817,2025-02-28T14:30:00-08:00,MONTH MISMATCH,https://app.servicetrade.com/locations/129674705419130,https://app.servicetrade.com/locations/129674705419130
1.29675E+14,9,12,1253427346292417,2023-12-08T13:30:00-08:00,MONTH MISMATCH,https://app.servicetrade.com/locations/129674705423502,https://app.servicetrade.com/locations/129674705423502
1.29675E+14,11,10,1703761999584193,2024-10-10T14:30:00-07:00,MONTH MISMATCH,https://app.servicetrade.com/locations/129674705425701,https://app.servicetrade.com/locations/129674705425701
1.29675E+14,11,10,1703761995325761,2024-10-10T12:30:00-07:00,MONTH MISMATCH,https://app.servicetrade.com/locations/129674705425729,https://app.servicetrade.com/locations/129674705425729
1.29675E+14,12,4,1964555248796865,2025-04-11T12:00:00-07:00,MONTH MISMATCH,https://app.servicetrade.com/locations/129674705426511,https://app.servicetrade.com/locations/129674705426511
1.29675E+14,6,5,2023981488894593,2025-05-16T12:00:00-07:00,MONTH MISMATCH,https://app.servicetrade.com/locations/129674705426604,https://app.servicetrade.com/locations/129674705426604
1.29675E+14,6,9,1487375025368705,2024-09-16T16:30:00-07:00,MONTH MISMATCH,https://app.servicetrade.com/locations/129674705431590,https://app.servicetrade.com/locations/129674705431590
1.29675E+14,7,4,1932028638355009,2025-04-09T12:00:00-07:00,MONTH MISMATCH,https://app.servicetrade.com/locations/129674705431628,https://app.servicetrade.com/locations/129674705431628
1.29675E+14,12,11,1664174800355201,2024-11-14T09:30:00-08:00,MONTH MISMATCH,https://app.servicetrade.com/locations/129674705431696,https://app.servicetrade.com/locations/129674705431696
1.29675E+14,10,11,1703762000647361,2024-11-13T15:00:00-08:00,MONTH MISMATCH,https://app.servicetrade.com/locations/129674705431964,https://app.servicetrade.com/locations/129674705431964
4.48269E+14,4,5,9.81807E+14,2023-05-16T09:30:00-07:00,MONTH MISMATCH,https://app.servicetrade.com/locations/448268628753665,https://app.servicetrade.com/locations/448268628753665
4.49535E+14,8,7,2142887962929153,2025-07-30T12:15:00-07:00,MONTH MISMATCH,https://app.servicetrade.com/locations/449534795023681,https://app.servicetrade.com/locations/449534795023681
4.4957E+14,8,7,2104326997186049,2025-07-30T15:30:00-07:00,MONTH MISMATCH,https://app.servicetrade.com/locations/449570034000641,https://app.servicetrade.com/locations/449570034000641
4.4972E+14,6,5,2023979587150529,2025-05-28T16:30:00-07:00,MONTH MISMATCH,https://app.servicetrade.com/locations/449720205311361,https://app.servicetrade.com/locations/449720205311361
4.49818E+14,1,5,2053631220131009,2025-05-21T14:41:42-07:00,MONTH MISMATCH | LAST JOB CANCELED,https://app.servicetrade.com/locations/449817902493249,https://app.servicetrade.com/locations/449817902493249
4.49867E+14,9,8,2142886420449857,2025-08-25T14:30:00-07:00,MONTH MISMATCH,https://app.servicetrade.com/locations/449866575727745,https://app.servicetrade.com/locations/449866575727745
4.55435E+14,3,2,1877869494296449,2025-02-10T16:30:00-08:00,MONTH MISMATCH,https://app.servicetrade.com/locations/455435175349377,https://app.servicetrade.com/locations/455435175349377
4.55483E+14,10,12,1703762000854145,2024-12-20T16:30:00-08:00,MONTH MISMATCH,https://app.servicetrade.com/locations/455483157384577,https://app.servicetrade.com/locations/455483157384577
4.5809E+14,1,2,1825883851904833,2025-02-14T15:00:00-08:00,MONTH MISMATCH,https://app.servicetrade.com/locations/458090134040193,https://app.servicetrade.com/locations/458090134040193
4.58339E+14,11,3,1957281538399425,2025-03-18T16:30:00-07:00,MONTH MISMATCH,https://app.servicetrade.com/locations/458339346805249,https://app.servicetrade.com/locations/458339346805249
4.68052E+14,12,1,1803238854314497,2025-01-29T12:00:00-08:00,MONTH MISMATCH,https://app.servicetrade.com/locations/468051874937985,https://app.servicetrade.com/locations/468051874937985
4.68244E+14,12,1,1803238853353153,2025-01-29T14:00:00-08:00,MONTH MISMATCH,https://app.servicetrade.com/locations/468244043504769,https://app.servicetrade.com/locations/468244043504769
4.75185E+14,10,4,1963103969252673,2025-04-02T11:00:00-07:00,MONTH MISMATCH,https://app.servicetrade.com/locations/475184959995649,https://app.servicetrade.com/locations/475184959995649
4.75359E+14,10,12,1664174120567745,2024-12-10T12:00:00-08:00,MONTH MISMATCH,https://app.servicetrade.com/locations/475359183149377,https://app.servicetrade.com/locations/475359183149377
4.76542E+14,8,7,2104326997674561,2025-07-17T14:00:00-07:00,MONTH MISMATCH,https://app.servicetrade.com/locations/476541997295937,https://app.servicetrade.com/locations/476541997295937
4.77771E+14,5,1,1877870150834497,2025-01-17T09:48:18-08:00,MONTH MISMATCH,https://app.servicetrade.com/locations/477771309152641,https://app.servicetrade.com/locations/477771309152641
4.77842E+14,10,12,1703761996017281,2024-12-19T12:30:00-08:00,MONTH MISMATCH,https://app.servicetrade.com/locations/477841730143233,https://app.servicetrade.com/locations/477841730143233
4.80582E+14,3,4,1877866974606913,2025-04-04T16:30:00-07:00,MONTH MISMATCH,https://app.servicetrade.com/locations/480581673732801,https://app.servicetrade.com/locations/480581673732801
4.86561E+14,1,2,1825883846670977,2025-02-03T12:00:00-08:00,MONTH MISMATCH,https://app.servicetrade.com/locations/486561170709889,https://app.servicetrade.com/locations/486561170709889
4.8664E+14,7,6,2023984943188097,2025-06-30T10:00:00-07:00,MONTH MISMATCH,https://app.servicetrade.com/locations/486640285911489,https://app.servicetrade.com/locations/486640285911489
4.87621E+14,10,2,1877870152638145,2025-02-21T16:30:00-08:00,MONTH MISMATCH,https://app.servicetrade.com/locations/487621087212801,https://app.servicetrade.com/locations/487621087212801
4.87674E+14,1,5,1465899104688257,2024-05-09T08:30:00-07:00,MONTH MISMATCH,https://app.servicetrade.com/locations/487673685446017,https://app.servicetrade.com/locations/487673685446017
4.89312E+14,5,4,1991401109775041,2025-04-21T15:00:00-07:00,MONTH MISMATCH,https://app.servicetrade.com/locations/489311716842241,https://app.servicetrade.com/locations/489311716842241
4.90627E+14,8,7,1119482554643713,2023-07-31T16:56:32-07:00,MONTH MISMATCH | LAST JOB CANCELED,https://app.servicetrade.com/locations/490626631025025,https://app.servicetrade.com/locations/490626631025025
4.9493E+14,4,5,1961679051794113,2025-05-21T16:30:00-07:00,MONTH MISMATCH,https://app.servicetrade.com/locations/494930044407553,https://app.servicetrade.com/locations/494930044407553
4.95012E+14,11,12,1746285132353281,2024-12-05T13:45:00-08:00,MONTH MISMATCH,https://app.servicetrade.com/locations/495011665132225,https://app.servicetrade.com/locations/495011665132225
4.95031E+14,2,9,2200560334902465,2025-09-02T16:30:00-07:00,MONTH MISMATCH,https://app.servicetrade.com/locations/495031328490497,https://app.servicetrade.com/locations/495031328490497
4.95126E+14,3,7,2020885896411201,2025-07-18T16:00:00-07:00,MONTH MISMATCH,https://app.servicetrade.com/locations/495126174084929,https://app.servicetrade.com/locations/495126174084929
4.96589E+14,2,3,1842564451888833,2025-03-07T13:00:00-08:00,MONTH MISMATCH,https://app.servicetrade.com/locations/496589180917889,https://app.servicetrade.com/locations/496589180917889
4.99122E+14,7,4,1961674187081921,2025-04-15T10:30:00-07:00,MONTH MISMATCH,https://app.servicetrade.com/locations/499122466769793,https://app.servicetrade.com/locations/499122466769793
4.99266E+14,1,12,1766093163314881,2024-12-17T11:30:00-08:00,MONTH MISMATCH,https://app.servicetrade.com/locations/499265875658177,https://app.servicetrade.com/locations/499265875658177
4.99297E+14,4,8,2172439368490113,2025-08-22T09:30:00-07:00,MONTH MISMATCH,https://app.servicetrade.com/locations/499296927271553,https://app.servicetrade.com/locations/499296927271553
5.00562E+14,2,1,1877869002721473,2025-01-31T16:30:00-08:00,MONTH MISMATCH,https://app.servicetrade.com/locations/500562276171329,https://app.servicetrade.com/locations/500562276171329
5.00771E+14,4,3,1877869002367809,2025-03-03T16:00:00-08:00,MONTH MISMATCH,https://app.servicetrade.com/locations/500770969877761,https://app.servicetrade.com/locations/500770969877761
5.0643E+14,2,1,1825883852847681,2025-01-30T13:30:00-08:00,MONTH MISMATCH,https://app.servicetrade.com/locations/506430004094017,https://app.servicetrade.com/locations/506430004094017
5.06444E+14,1,2,1825883848868481,2025-02-18T11:30:00-08:00,MONTH MISMATCH,https://app.servicetrade.com/locations/506444310758913,https://app.servicetrade.com/locations/506444310758913
5.07499E+14,5,3,9.16951E+14,2023-03-10T14:10:27-08:00,MONTH MISMATCH | LAST JOB CANCELED,https://app.servicetrade.com/locations/507498883477761,https://app.servicetrade.com/locations/507498883477761
5.07633E+14,2,5,1997087932820609,2025-05-16T16:30:00-07:00,MONTH MISMATCH,https://app.servicetrade.com/locations/507632660004033,https://app.servicetrade.com/locations/507632660004033
5.07915E+14,5,3,9.16951E+14,2023-03-10T14:10:27-08:00,MONTH MISMATCH | LAST JOB CANCELED,https://app.servicetrade.com/locations/507914740300993,https://app.servicetrade.com/locations/507914740300993
5.14913E+14,3,5,1991399124067009,2025-05-06T11:30:00-07:00,MONTH MISMATCH,https://app.servicetrade.com/locations/514912785873217,https://app.servicetrade.com/locations/514912785873217
5.14957E+14,4,5,1961683077780865,2025-05-09T13:30:00-07:00,MONTH MISMATCH,https://app.servicetrade.com/locations/514956647791617,https://app.servicetrade.com/locations/514956647791617
5.17517E+14,1,3,1882132796320001,2025-03-13T11:30:00-07:00,MONTH MISMATCH,https://app.servicetrade.com/locations/517516752270081,https://app.servicetrade.com/locations/517516752270081
5.17637E+14,4,5,1991398834182337,2025-05-05T15:19:33-07:00,MONTH MISMATCH,https://app.servicetrade.com/locations/517637251823681,https://app.servicetrade.com/locations/517637251823681
5.19002E+14,5,4,1961683079733953,2025-04-23T15:00:00-07:00,MONTH MISMATCH,https://app.servicetrade.com/locations/519001618468225,https://app.servicetrade.com/locations/519001618468225
5.1906E+14,5,4,1991401111128193,2025-04-07T15:37:57-07:00,MONTH MISMATCH | LAST JOB CANCELED,https://app.servicetrade.com/locations/519060176656001,https://app.servicetrade.com/locations/519060176656001
5.19066E+14,3,4,1911803300131265,2025-04-10T16:00:00-07:00,MONTH MISMATCH,https://app.servicetrade.com/locations/519066099231105,https://app.servicetrade.com/locations/519066099231105
5.24529E+14,3,5,1911803304407489,2025-05-07T11:30:00-07:00,MONTH MISMATCH,https://app.servicetrade.com/locations/524528853233281,https://app.servicetrade.com/locations/524528853233281
5.24791E+14,4,3,1911803305362241,2025-03-28T15:00:00-07:00,MONTH MISMATCH,https://app.servicetrade.com/locations/524791034371265,https://app.servicetrade.com/locations/524791034371265
5.24802E+14,6,3,9.25564E+14,2023-03-16T17:11:55-07:00,MONTH MISMATCH | LAST JOB CANCELED,https://app.servicetrade.com/locations/524802347692609,https://app.servicetrade.com/locations/524802347692609
5.27725E+14,3,7,2121263938727681,2025-07-14T09:30:00-07:00,MONTH MISMATCH,https://app.servicetrade.com/locations/527725149752513,https://app.servicetrade.com/locations/527725149752513
5.28743E+14,5,7,2063494725796225,2025-07-09T10:00:00-07:00,MONTH MISMATCH,https://app.servicetrade.com/locations/528743238545793,https://app.servicetrade.com/locations/528743238545793
5.29061E+14,7,5,2023981488190081,2025-05-29T09:52:24-07:00,MONTH MISMATCH,https://app.servicetrade.com/locations/529061000672257,https://app.servicetrade.com/locations/529061000672257
5.30198E+14,9,8,2142886421748929,2025-08-14T11:30:00-07:00,MONTH MISMATCH,https://app.servicetrade.com/locations/530197743721025,https://app.servicetrade.com/locations/530197743721025
5.34523E+14,12,1,1803238855029505,2025-01-10T10:30:00-08:00,MONTH MISMATCH,https://app.servicetrade.com/locations/534523241027329,https://app.servicetrade.com/locations/534523241027329
5.37546E+14,6,9,9.25564E+14,2023-09-07T11:14:51-07:00,MONTH MISMATCH,https://app.servicetrade.com/locations/537546166630337,https://app.servicetrade.com/locations/537546166630337
5.67307E+14,7,5,2053631222051137,2025-05-21T14:41:42-07:00,MONTH MISMATCH | LAST JOB CANCELED,https://app.servicetrade.com/locations/567307059713409,https://app.servicetrade.com/locations/567307059713409
5.78659E+14,7,6,1073695338836545,2023-06-29T08:39:22-07:00,MONTH MISMATCH | LAST JOB CANCELED,https://app.servicetrade.com/locations/578658896419009,https://app.servicetrade.com/locations/578658896419009
5.89811E+14,9,8,2142886418207297,2025-08-25T15:00:00-07:00,MONTH MISMATCH,https://app.servicetrade.com/locations/589810511222465,https://app.servicetrade.com/locations/589810511222465
6.23775E+14,9,10,1497126104144193,2024-10-08T16:30:00-07:00,MONTH MISMATCH,https://app.servicetrade.com/locations/623775249903297,https://app.servicetrade.com/locations/623775249903297
6.33873E+14,9,7,2104326993962497,2025-07-18T13:30:00-07:00,MONTH MISMATCH,https://app.servicetrade.com/locations/633872695407617,https://app.servicetrade.com/locations/633872695407617
6.55057E+14,9,10,1664174801242369,2024-10-02T14:30:00-07:00,MONTH MISMATCH,https://app.servicetrade.com/locations/655056524584257,https://app.servicetrade.com/locations/655056524584257
6.83471E+14,9,7,2142887961913345,2025-07-23T15:58:21-07:00,MONTH MISMATCH | LAST JOB CANCELED,https://app.servicetrade.com/locations/683471031239553,https://app.servicetrade.com/locations/683471031239553
6.84646E+14,2,8,2171183217917825,2025-08-19T11:30:00-07:00,MONTH MISMATCH,https://app.servicetrade.com/locations/684646380965569,https://app.servicetrade.com/locations/684646380965569
6.98769E+14,10,9,2179710567588545,2025-09-08T15:00:00-07:00,MONTH MISMATCH,https://app.servicetrade.com/locations/698769371114689,https://app.servicetrade.com/locations/698769371114689
7.12984E+14,7,5,2054990051096961,2025-05-22T13:43:58-07:00,MONTH MISMATCH,https://app.servicetrade.com/locations/712984275342145,https://app.servicetrade.com/locations/712984275342145
7.42741E+14,3,4,1446202495307265,2024-04-22T12:00:00-07:00,MONTH MISMATCH,https://app.servicetrade.com/locations/742740761494465,https://app.servicetrade.com/locations/742740761494465
7.53881E+14,5,1,1825883848480577,2025-01-15T16:30:00-08:00,MONTH MISMATCH,https://app.servicetrade.com/locations/753881300138241,https://app.servicetrade.com/locations/753881300138241
7.55373E+14,9,11,1253427344172353,2023-11-03T07:52:13-07:00,MONTH MISMATCH,https://app.servicetrade.com/locations/755372963563201,https://app.servicetrade.com/locations/755372963563201
7.82294E+14,12,1,1803238444392129,2025-01-31T12:00:00-08:00,MONTH MISMATCH,https://app.servicetrade.com/locations/782294255504385,https://app.servicetrade.com/locations/782294255504385
7.92184E+14,5,4,1911803310385281,2025-04-24T16:30:00-07:00,MONTH MISMATCH,https://app.servicetrade.com/locations/792183500522305,https://app.servicetrade.com/locations/792183500522305
8.97171E+14,8,2,1674110786444417,2025-02-25T13:15:00-08:00,MONTH MISMATCH,https://app.servicetrade.com/locations/897171025429441,https://app.servicetrade.com/locations/897171025429441
9.02882E+14,2,3,1946130030423297,2025-03-17T09:00:00-07:00,MONTH MISMATCH,https://app.servicetrade.com/locations/902881560823681,https://app.servicetrade.com/locations/902881560823681
9.42347E+14,4,2,1911803309245697,2025-02-28T12:00:00-08:00,MONTH MISMATCH,https://app.servicetrade.com/locations/942346975394177,https://app.servicetrade.com/locations/942346975394177
9.63228E+14,2,4,1446485732895937,2024-04-29T11:15:00-07:00,MONTH MISMATCH,https://app.servicetrade.com/locations/963227805119105,https://app.servicetrade.com/locations/963227805119105
9.63537E+14,5,4,1991399753869121,2025-04-24T10:45:00-07:00,MONTH MISMATCH,https://app.servicetrade.com/locations/963537029762561,https://app.servicetrade.com/locations/963537029762561
1061294704722945,5,8,2180929559908609,2025-08-21T15:00:00-07:00,MONTH MISMATCH,https://app.servicetrade.com/locations/1061294704722945,https://app.servicetrade.com/locations/1061294704722945
1103491017272705,8,9,1588969984829121,2024-09-09T10:00:00-07:00,MONTH MISMATCH,https://app.servicetrade.com/locations/1103491017272705,https://app.servicetrade.com/locations/1103491017272705
1146171740620481,10,11,1703761995367873,2024-11-08T12:30:00-08:00,MONTH MISMATCH,https://app.servicetrade.com/locations/1146171740620481,https://app.servicetrade.com/locations/1146171740620481
1146204670878337,3,12,1703762000256321,2024-12-06T12:30:00-08:00,MONTH MISMATCH,https://app.servicetrade.com/locations/1146204670878337,https://app.servicetrade.com/locations/1146204670878337
1159084969728897,8,6,2104327381170561,2025-06-26T10:12:30-07:00,MONTH MISMATCH | LAST JOB CANCELED,https://app.servicetrade.com/locations/1159084969728897,https://app.servicetrade.com/locations/1159084969728897
1202676634434305,12,10,1703762000205185,2024-10-29T16:30:00-07:00,MONTH MISMATCH,https://app.servicetrade.com/locations/1202676634434305,https://app.servicetrade.com/locations/1202676634434305
1243744491705089,10,11,1726457930654017,2024-11-08T13:00:00-08:00,MONTH MISMATCH,https://app.servicetrade.com/locations/1243744491705089,https://app.servicetrade.com/locations/1243744491705089
1270743653010817,1,12,1746285131641345,2024-12-19T16:15:00-08:00,MONTH MISMATCH,https://app.servicetrade.com/locations/1270743653010817,https://app.servicetrade.com/locations/1270743653010817
1299220477826113,12,1,1803238853879361,2025-01-20T13:45:00-08:00,MONTH MISMATCH,https://app.servicetrade.com/locations/1299220477826113,https://app.servicetrade.com/locations/1299220477826113
1310406104822145,12,11,1803238855039361,2024-11-25T16:29:25-08:00,MONTH MISMATCH | LAST JOB CANCELED,https://app.servicetrade.com/locations/1310406104822145,https://app.servicetrade.com/locations/1310406104822145
1407828553168513,9,10,1664173980144257,2024-10-16T16:30:00-07:00,MONTH MISMATCH,https://app.servicetrade.com/locations/1407828553168513,https://app.servicetrade.com/locations/1407828553168513
1437473981024065,3,2,1911803312752897,2025-02-10T09:06:53-08:00,MONTH MISMATCH | LAST JOB CANCELED,https://app.servicetrade.com/locations/1437473981024065,https://app.servicetrade.com/locations/1437473981024065
1456253729680641,6,4,1991401109860865,2025-04-22T14:54:08-07:00,MONTH MISMATCH,https://app.servicetrade.com/locations/1456253729680641,https://app.servicetrade.com/locations/1456253729680641
1460530319863681,4,5,1981515038396673,2025-05-29T16:30:00-07:00,MONTH MISMATCH,https://app.servicetrade.com/locations/1460530319863681,https://app.servicetrade.com/locations/1460530319863681
1467316491611777,12,6,2063191165293889,2025-06-20T11:00:00-07:00,MONTH MISMATCH,https://app.servicetrade.com/locations/1467316491611777,https://app.servicetrade.com/locations/1467316491611777
1488871680784897,11,1,1746285129791169,2025-01-10T14:30:00-08:00,MONTH MISMATCH,https://app.servicetrade.com/locations/1488871680784897,https://app.servicetrade.com/locations/1488871680784897
1488876796273793,8,7,1577898685926017,2024-07-11T16:30:00-07:00,MONTH MISMATCH,https://app.servicetrade.com/locations/1488876796273793,https://app.servicetrade.com/locations/1488876796273793
1489856505292993,1,12,1746285129565441,2024-12-05T09:00:00-08:00,MONTH MISMATCH,https://app.servicetrade.com/locations/1489856505292993,https://app.servicetrade.com/locations/1489856505292993
1489865633129345,1,12,1746285128599489,2024-12-16T18:00:00-08:00,MONTH MISMATCH,https://app.servicetrade.com/locations/1489865633129345,https://app.servicetrade.com/locations/1489865633129345
1489870560433857,12,7,2131257045756481,2025-07-31T16:30:00-07:00,MONTH MISMATCH,https://app.servicetrade.com/locations/1489870560433857,https://app.servicetrade.com/locations/1489870560433857
1489897912003585,11,1,1746285131028353,2025-01-02T15:30:00-08:00,MONTH MISMATCH,https://app.servicetrade.com/locations/1489897912003585,https://app.servicetrade.com/locations/1489897912003585
1491242348965121,1,12,1746285128370625,2024-12-16T11:30:00-08:00,MONTH MISMATCH,https://app.servicetrade.com/locations/1491242348965121,https://app.servicetrade.com/locations/1491242348965121
1491330296654145,8,7,2104327385487297,2025-07-18T14:00:00-07:00,MONTH MISMATCH,https://app.servicetrade.com/locations/1491330296654145,https://app.servicetrade.com/locations/1491330296654145
1498288486835265,9,7,2142887965654529,2025-07-23T15:58:21-07:00,MONTH MISMATCH | LAST JOB CANCELED,https://app.servicetrade.com/locations/1498288486835265,https://app.servicetrade.com/locations/1498288486835265
1499947563302081,11,12,1746285128117121,2024-12-16T18:00:00-08:00,MONTH MISMATCH,https://app.servicetrade.com/locations/1499947563302081,https://app.servicetrade.com/locations/1499947563302081
1511138981264833,11,5,1511173684919809,2024-05-13T13:15:00-07:00,MONTH MISMATCH,https://app.servicetrade.com/locations/1511138981264833,https://app.servicetrade.com/locations/1511138981264833
1520008346140481,6,5,2023981484488705,2025-05-09T15:25:28-07:00,MONTH MISMATCH,https://app.servicetrade.com/locations/1520008346140481,https://app.servicetrade.com/locations/1520008346140481
1536955361976065,7,5,2053631211504193,2025-05-21T14:41:41-07:00,MONTH MISMATCH | LAST JOB CANCELED,https://app.servicetrade.com/locations/1536955361976065,https://app.servicetrade.com/locations/1536955361976065
1587903351232257,2,3,1896476344613569,2025-03-04T12:30:00-08:00,MONTH MISMATCH,https://app.servicetrade.com/locations/1587903351232257,https://app.servicetrade.com/locations/1587903351232257
1596155806005313,4,10,1678451994756033,2024-10-04T11:00:00-07:00,MONTH MISMATCH,https://app.servicetrade.com/locations/1596155806005313,https://app.servicetrade.com/locations/1596155806005313
1658459133482561,6,,,,NO ANNUAL FOUND,https://app.servicetrade.com/locations/1658459133482561,https://app.servicetrade.com/locations/1658459133482561
1705417798282177,9,7,2123052634748929,2025-07-21T16:30:00-07:00,MONTH MISMATCH,https://app.servicetrade.com/locations/1705417798282177,https://app.servicetrade.com/locations/1705417798282177
1836959275970433,12,1,1836980955771457,2025-01-10T15:30:00-08:00,MONTH MISMATCH,https://app.servicetrade.com/locations/1836959275970433,https://app.servicetrade.com/locations/1836959275970433
1894846337375425,11,,,,NO ANNUAL FOUND,https://app.servicetrade.com/locations/1894846337375425,https://app.servicetrade.com/locations/1894846337375425
1894849131507521,6,,,,NO ANNUAL FOUND,https://app.servicetrade.com/locations/1894849131507521,https://app.servicetrade.com/locations/1894849131507521
1894855459704001,6,,,,NO ANNUAL FOUND,https://app.servicetrade.com/locations/1894855459704001,https://app.servicetrade.com/locations/1894855459704001
1895245926805057,11,,,,NO ANNUAL FOUND,https://app.servicetrade.com/locations/1895245926805057,https://app.servicetrade.com/locations/1895245926805057
1904582588338561,10,,,,NO ANNUAL FOUND,https://app.servicetrade.com/locations/1904582588338561,https://app.servicetrade.com/locations/1904582588338561
1904586719081025,3,,,,NO ANNUAL FOUND,https://app.servicetrade.com/locations/1904586719081025,https://app.servicetrade.com/locations/1904586719081025
1914671966229953,1,,,,NO ANNUAL FOUND,https://app.servicetrade.com/locations/1914671966229953,https://app.servicetrade.com/locations/1914671966229953
1934637264912897,9,,,,NO ANNUAL FOUND,https://app.servicetrade.com/locations/1934637264912897,https://app.servicetrade.com/locations/1934637264912897
1943318872507457,11,,,,NO ANNUAL FOUND,https://app.servicetrade.com/locations/1943318872507457,https://app.servicetrade.com/locations/1943318872507457
2013852704048129,11,,,,NO ANNUAL FOUND,https://app.servicetrade.com/locations/2013852704048129,https://app.servicetrade.com/locations/2013852704048129
2054726559390145,5,,,,NO ANNUAL FOUND,https://app.servicetrade.com/locations/2054726559390145,https://app.servicetrade.com/locations/2054726559390145
2073136467602689,10,,,,NO ANNUAL FOUND,https://app.servicetrade.com/locations/2073136467602689,https://app.servicetrade.com/locations/2073136467602689
2081818362274881,8,,,,NO ANNUAL FOUND,https://app.servicetrade.com/locations/2081818362274881,https://app.servicetrade.com/locations/2081818362274881
2082027648512513,8,,,,NO ANNUAL FOUND,https://app.servicetrade.com/locations/2082027648512513,https://app.servicetrade.com/locations/2082027648512513
2082029219934913,8,,,,NO ANNUAL FOUND,https://app.servicetrade.com/locations/2082029219934913,https://app.servicetrade.com/locations/2082029219934913
2082029928520065,8,,,,NO ANNUAL FOUND,https://app.servicetrade.com/locations/2082029928520065,https://app.servicetrade.com/locations/2082029928520065
2082033716004545,8,,,,NO ANNUAL FOUND,https://app.servicetrade.com/locations/2082033716004545,https://app.servicetrade.com/locations/2082033716004545
2083333130253825,8,,,,NO ANNUAL FOUND,https://app.servicetrade.com/locations/2083333130253825,https://app.servicetrade.com/locations/2083333130253825
2083333891710145,8,,,,NO ANNUAL FOUND,https://app.servicetrade.com/locations/2083333891710145,https://app.servicetrade.com/locations/2083333891710145
2084500299783937,6,,,,NO ANNUAL FOUND,https://app.servicetrade.com/locations/2084500299783937,https://app.servicetrade.com/locations/2084500299783937
2094648568413313,6,,,,NO ANNUAL FOUND,https://app.servicetrade.com/locations/2094648568413313,https://app.servicetrade.com/locations/2094648568413313
2114209773653889,2,,,,NO ANNUAL FOUND,https://app.servicetrade.com/locations/2114209773653889,https://app.servicetrade.com/locations/2114209773653889
2114281687468225,6,,,,NO ANNUAL FOUND,https://app.servicetrade.com/locations/2114281687468225,https://app.servicetrade.com/locations/2114281687468225
2121317110891585,7,,,,NO ANNUAL FOUND,https://app.servicetrade.com/locations/2121317110891585,https://app.servicetrade.com/locations/2121317110891585
2124281790147457,11,,,,NO ANNUAL FOUND,https://app.servicetrade.com/locations/2124281790147457,https://app.servicetrade.com/locations/2124281790147457
2131244475951105,3,,,,NO ANNUAL FOUND,https://app.servicetrade.com/locations/2131244475951105,https://app.servicetrade.com/locations/2131244475951105
2131316317217665,2,,,,NO ANNUAL FOUND,https://app.servicetrade.com/locations/2131316317217665,https://app.servicetrade.com/locations/2131316317217665
2134236046131457,3,,,,NO ANNUAL FOUND,https://app.servicetrade.com/locations/2134236046131457,https://app.servicetrade.com/locations/2134236046131457
2141490939735233,7,,,,NO ANNUAL FOUND,https://app.servicetrade.com/locations/2141490939735233,https://app.servicetrade.com/locations/2141490939735233
2142779636612353,7,8,2142800238804481,2025-08-01T12:00:00-07:00,MONTH MISMATCH,https://app.servicetrade.com/locations/2142779636612353,https://app.servicetrade.com/locations/2142779636612353
2164086789662465,6,,,,NO ANNUAL FOUND,https://app.servicetrade.com/locations/2164086789662465,https://app.servicetrade.com/locations/2164086789662465
2185007821698881,9,,,,NO ANNUAL FOUND,https://app.servicetrade.com/locations/2185007821698881,https://app.servicetrade.com/locations/2185007821698881
2193774717092097,9,,,,NO ANNUAL FOUND,https://app.servicetrade.com/locations/2193774717092097,https://app.servicetrade.com/locations/2193774717092097
