ADDRESS,PROPERTY MANAGEMENT COMPANY,NOTES,BARCODE #,Price/month,Area,start up date,"STATUS- (ACTIVE, CANCELLED, ON HOLD)",KEYS,TEST DAY,ANNUAL,Jan-25,Feb-25,Mar-25,Apr-25,May-25,Jun-25,Jul-25,Aug-25,Sep-25,Oct-25,Nov-25,Dec-25,,,,,
#103-4475 Viewmont,Hansbraun,MONTHLY EXT & ELU TESTS - Cancelled in November 2025,,$75.00,"Saanich, BC",Sep-24,CANCELLED,NONE,-,May,Y,Y,Y,Y,ANNUAL,Y,Y,Y,Y,Y,X,-,,,,,
10 Paul Kane/11 Cooperage Place,Proline,,,$55.00,"Esquimalt, BC",Apr-14,ACTIVE,UV 01,W1-R7,May,Y,X,Y,Y,ANNUAL,X,Y,Y,Y,Y,Y,X,,,,,
1000 Mckenzie Avenue,Starlight/Devon,,,$55.00,"Saanich, BC",Sep-24,ACTIVE,M 0001,W1-R6,May,Y,Y,Y,Y,Y,ANNUAL,X,X,Y,Y,Y,Y,,,,,
1000-1012 Douglas Street,Itziar Management Ltd. (0824606 BC Ltd.),,,$60.00,"Victoria, BC",Oct-24,ACTIVE,D 2101,TH2-R15,June,Y,Y,Y,Y,Y,Y,Y,Y,Y,Y,Y,Y,,,,,
1001 Wharf Street,Pastoral Developments Ltd.,,,$55.00,"Victoria, BC",Aug-18,ACTIVE,"NA 1001
K2-F1",TH2-R15,October,Y,Y,Y,Y,Y,Y,Y,Y,ANNUAL,Y,Y,Y,,,,,
10016 3rd Street,Cornerstone,,,$50.00,"Sidney, BC",Jan-23,ACTIVE,358,F2-R16,February,Y,Y,ANNUAL,Y,Y,Y,Y,Y,Y,Y,Y,Y,,,,,
10017 Avenger Way,Lumberworld Operations Ltd.,,,$75.00,"Sidney, BC",Jul-25,ACTIVE,VG 71001,F2-R16,October,-,-,-,-,-,-,X,Y,Y,ANNUAL,Y,Y,,,,,
1002 Mckenzie Avenue,Starlight/Devon,,,$55.00,"Saanich, BC",Sep-24,ACTIVE,M 0001,W1-R6,May,Y,Y,Y,Y,Y,ANNUAL,X,Y,Y,Y,Y,Y,,,,,
1002 Pakington,Proline ,,,$50.00,"Victoria, BC",Jan-23,ACTIVE,146,TU3-R18,September,Y,Y,Y,Y,Y,Y,Y,Y,ANNUAL,Y,Y,Y,,,,,
1002 Wharf Street,Malahat Properties,,,$55.00,"Victoria, BC",Dec-20,ACTIVE,At Reception,TH2-R15,January,Y,ANNUAL,Y,Y,Y,Y,Y,Y,Y,Y,Y,Y,,,,,
10025 Resthaven Drive,Inken Roller c/o Richmond Property Group,,,$50.00,"Sidney, BC",Jan-23,ACTIVE,349,F2-R16,February,Y,ANNUAL,X,Y,Y,Y,Y,Y,Y,Y,Y,Y,,,,,
10030 Resthaven Drive,Raven Property Management Ltd.,,,$75.00,"Sidney, BC",Feb-21,ACTIVE,SC 03001,F2-R16,May,Y,Y,Y,Y,Y,ANNUAL,Y,Y,Y,Y,Y,Y,,,,,
1004 Pemberton Road,Raul Caballero,,,$70.00,"Victoria, BC",Aug-23,ACTIVE,PB 4001,M1-R1,December,ANNUAL,Y,Y,Y,Y,Y,Y,Y,Y,Y,Y,ANNUAL,,,,,
1005 & 1009 McKenzie Avenue,Firm Management,,,$60.00,"Saanich, BC",,ACTIVE,MN 5001,TU1-R4,May,X,X,X,X,X,ANNUAL,Y,Y,Y,Y,Y,Y,,,,,
1005 Broad Street          ,Richmond Property Group,,,$55.00,"Victoria, BC",,ACTIVE,"K 5001
K4",TH2-R15,March,Y,Y,ANNUAL,Y,Y,Y,Y,Y,Y,Y,Y,Y,,,,,
1005 Pakington Street,Century 21 Queenswood,,,$50.00,"Victoria, BC",Jan-23,ACTIVE,171,TU3-R18,August,Y,Y,Y,Y,Y,Y,Y,Y,ANNUAL,Y,Y,Y,,,,,
1005 St. Charles Street,Bross Holdings,,,$55.00,"Victoria, BC",Feb-25,ACTIVE,HC 5001,TH1-R9,May,X,Y,Y,Y,Y,ANNUAL,Y,Y,Y,Y,Y,Y,,,,,
1006 Fort Street,Colliers,,,$75.00,"Victoria, BC",Nov-12,ACTIVE,"ZZ 6001
K3-F1",M1-R2,September,Y,Y,Y,Y,Y,Y,Y,ANNUAL,Y,Y,Y,Y,,,,,
1006 Tolmie Avenue,Century 21 Queenswood,,,$60.00,"Victoria, BC",,ACTIVE,163,M1-R1,January,Y,ANNUAL,Y,Y,Y,Y,Y,Y,Y,Y,Y,Y,,,,,
1007 Esquimalt Road,Starlight Properties ,,,$50.00,"Esquimalt, BC",,ACTIVE,LT 7001,W1-R7,May,Y,Y,Y,Y,ANNUAL,X,Y,Y,Y,Y,Y,X,,,,,
101 Ontario Street,Proline Property Management,,,$55.00,"Victoria, BC",Feb-25,ACTIVE,TO 101,W3-R20,November,-,Y,Y,Y,Y,Y,Y,Y,Y,Y,Y,Y,,,,,
1010 Mckenzie Avenue,Starlight/Devon,,,$55.00,"Saanich, BC",Sep-24,ACTIVE,M 0001,W1-R6,February,Y,ANNUAL,Y,Y,Y,X,X,Y,Y,Y,Y,Y,,,,,
1012 Collinson Street                                                         ,Hutton,,,$55.00,"Victoria, BC",,ACTIVE,"M 2101
K3",TH1-R9,October,Y,Y,Y,Y,Y,Y,Y,Y,Y,ANNUAL,Y,Y,,,,,
1013 Vancouver Street,Devon Properties,,,$50.00,"Victoria, BC",Jan-23,ACTIVE,183,TH1-R8,May,Y,Y,Y,Y,X,Y,Y,Y,Y,Y,Y,Y,,,,,
1015 Kings Road,Darioush Diba,,,$55.00,"Victoria, BC",Sep-20,ACTIVE,KQ 5101,M1-R3,June,Y,Y,Y,Y,Y,ANNUAL,Y,Y,Y,Y,Y,Y,,,,,
10159 Third Street,Realstar Management ,,,$55.00,"Sidney, BC",,ACTIVE,93,F2-R16,October,Y,Y,Y,Y,Y,Y,Y,Y,Y,ANNUAL,Y,Y,,,,,
1017 Queens Avenue,Starlight/Devon,,,$50.00,"Victoria, BC",Jan-23,ACTIVE,111,M1-R3,March,Y,Y,Y,ANNUAL,Y,Y,Y,Y,Y,Y,Y,Y,,,,,
1019 McClure Street,Strata Plan VIS 308,,,$65.00,"Victoria, BC",Nov-23,ACTIVE,CL 9101,TH1-R9,April,Y,Y,Y,ANNUAL,Y,Y,Y,Y,Y,Y,Y,Y,,,,,
1019 Rockland Avenue,Century 21 ,,,$55.00,"Victoria, BC",Jul-15,ACTIVE,"ST 9101
K2",M1-R2,December,Y,Y,Y,ANNUAL,Y,Y,Y,Y,Y,Y,Y,Y,,,,,
1020 Park Boulevard,Pemberton Holmes,,,$50.00,"Victoria, BC",Jan-23,ACTIVE,92,TU3-R18,October,Y,Y,Y,Y,Y,Y,Y,Y,Y,ANNUAL,Y,Y,,,,,
1020 Pembroke Street,Brown Bros.,,,$55.00,"Victoria, BC",Apr-16,ACTIVE,"RT 0201
K2",M1-R3,July,Y,Y,Y,Y,Y,Y,ANNUAL,Y,Y,X,Y,Y,,,,,
1024 Fairfield Road,Firm Management,,,$55.00,"Victoria, BC",Jun-14,ACTIVE,"WT 4201
K3",TH1-R9,November,Y,Y,Y,Y,ANNUAL,Y,Y,Y,Y,Y,ANNUAL,Y,,,,,
1025 Johnson Street,Devon Properties,,,$60.00,"Victoria, BC",Apr-23,ACTIVE,"JD 5201
K5-F2",TH1-R8,January,ANNUAL,Y,Y,Y,Y,Y,Y,Y,Y,Y,Y,Y,,,,,
1026 Johnson Street                                          ,Firm Management,,,$55.00,"Victoria, BC",Jul-14,ACTIVE,"WS 6201
K4-F1",TH1-R8,July,Y,Y,Y,Y,Y,Y,Y,Y,Y,Y,Y,Y,,,,,
1030 Pendergast Street,Starlight/Devon,,,$70.00,"Victoria, BC",Sep-23,ACTIVE,GT 0301,TU3-R18,July,Y,Y,Y,Y,Y,Y,ANNUAL,Y,Y,X,Y,Y,,,,,
1031 Burdett Avenue,Hutton,cancelled service- Nov 8/24 (tw),,$55.00,"Victoria, BC",Sep-15,CANCELLED,"BA 1301
K2",-,December,-,-,-,-,-,-,-,-,-,-,-,-,,,,,
1032 North Park,Pacific Quorum,,,$55.00,"Victoria, BC",Apr-23,ACTIVE,435,M1-R3,March,X,Y,X,ANNUAL,X,X,X,Y,Y,Y,Y,Y,,,,,
1035 Belmont Avenue,Belmont Properties,"Months on invoice
",,$55.00,"Victoria, BC",Apr-23,ACTIVE,445,TH1-R9,August,Y,Y,Y,Y,Y,Y,Y,Y,ANNUAL,Y,Y,Y,,,,,
1035 Pendergast Street,Starlight/Devon,,,$70.00,"Victoria, BC",Sep-23,ACTIVE,GT 0301,TU3-R18,July,Y,Y,Y,Y,Y,Y,ANNUAL,Y,Y,X,Y,Y,,,,,
1036 Stellys Cross Road,Devon Properties,,,$50.00,"Brentwood Bay, BC",,ACTIVE,424,TU2-R12,December,Y,Y,Y,Y,Y,Y,Y,Y,Y,Y,Y,ANNUAL,,,,,
104 Dallas Road,Strata #1374 The Dolphins,,,$55.00,"Victoria, BC",Mar-20,ACTIVE,"SP 401
K1-F1",W3-R20,August,Y,Y,Y,Y,Y,Y,Y,ANNUAL,Y,Y,Y,Y,,,,,
1040 Stellys Cross Road,Devon Properties,,,$50.00,"Brentwood Bay, BC",,ACTIVE,424,TU2-R12,December,Y,Y,Y,Y,Y,Y,Y,Y,Y,Y,Y,ANNUAL,,,,,
1041 Fairfield Road,Pemberton Holmes,,,$50.00,"Victoria, BC",,ACTIVE,68,M1-R2,April,Y,Y,Y,ANNUAL,Y,Y,Y,Y,Y,Y,Y,Y,,,,,
1041 Richardson Road,Capital West,,,$60.00,"Victoria, BC",Jun-23,ACTIVE,RR 1401,TH1-R9,June,Y,Y,Y,Y,ANNUAL,Y,Y,Y,Y,Y,Y,Y,,,,,
1045 McClure Street,Brown Bros.,,,$50.00,"Victoria, BC",,ACTIVE,332,M1-R2,December,Y,Y,Y,Y,Y,Y,Y,Y,Y,Y,Y,Y,,,,,
10459 Resthaven Drive,Proline,,,$50.00,"Sidney, BC",Jan-23,ACTIVE,392,F2-R16,May,Y,Y,Y,Y,Y,ANNUAL,Y,Y,Y,Y,Y,Y,,,,,
10461 Resthaven Drive,Proline,,,$50.00,"Sidney, BC",Jan-23,ACTIVE,392,F2-R16,May,Y,Y,Y,Y,Y,ANNUAL,Y,Y,Y,Y,Y,Y,,,,,
1049 Southgate Street,Devon Properties,,,$50.00,"Victoria, BC",Jan-23,ACTIVE,186,TU3-R18,September,Y,Y,Y,Y,Y,Y,Y,Y,ANNUAL,Y,Y,Y,,,,,
105 Wilson Street,Pacifica Housing,,,$65.00,"Esquimalt, BC",Aug-24,ACTIVE,W 501,W1-R7,July,Y,X,Y,Y,Y,Y,Y,ANNUAL,Y,Y,Y,X,,,,,
1050 Park Boulevard,Hutton,"$60/month
(incl. hose, ext, mag lock check)",,$60.00,"Victoria, BC",Dec-21,ACTIVE,"P 0501
K2",M2-R11,March,Y,Y,ANNUAL,X,Y,Y,Y,Y,Y,Y,Y,Y,,,,,
10520 McDonald Park,Complete Residential Property Management,,,$75.00,"Sidney, BC",Apr-25,ACTIVE,DN 02501,F2-R16,October,-,-,-,Y,Y,Y,Y,Y,Y,Y,ANNUAL,Y,,,,,
1055 Hillside Avenue,Firm Management,,,$55.00,"Victoria, BC",Nov-16,ACTIVE,LM 5501,W1-R6,January,ANNUAL,Y,Y,Y,Y,Y,Y,Y,Y,Y,Y,Y,,,,,
1057 Moss Street,Tim Slater,Charge CC in ST and email receipt ,,$60.00,"Victoria, BC",Feb-24,ACTIVE,SM 7501,TH1-R9,September,Y,Y,Y,Y,Y,Y,Y,Y,ANNUAL,Y,Y,Y,,,,,
1060 Craigdarroch Road,Pemberton Holmes,,,$50.00,"Esquimalt, BC",,ACTIVE,373,TH1-R9,March,Y,Y,Y,Y,Y,Y,Y,Y,Y,X,Y,Y,,,,,
1060 Goldstream Avenue,Centurion Properties, Months on invoice,,$55.00,"Langford, BC",Jan-23,ACTIVE,412,TU1-R5,September,Y,Y,Y,Y,Y,Y,Y,Y,ANNUAL,Y,Y,Y,,,,,
1060 Southgate Street,Southgate Manor ,,,$50.00,"Victoria, BC",Jan-23,ACTIVE,42,TU3-R18,September,Y,Y,Y,Y,Y,Y,Y,Y,Y,ANNUAL,Y,Y,,,,,
1066 Foul Bay Road,Newport Property,,,$50.00,"Victoria, BC",Jan-23,ACTIVE,124,TU2-R13,July,Y,Y,Y,Y,Y,ANNUAL,Y,Y,Y,Y,Y,Y,,,,,
1069 Southgate Street,Newport Property Management,,,$50.00,"Victoria, BC",,ACTIVE,307,M1-R2,March,Y,Y,Y,Y,Y,Y,Y,Y,Y,Y,Y,Y,,,,,
1088 Johnson Street,Centurion Property Associates Inc.,Months on invoice,,$125.00,"Victoria, BC",Jun-25,ACTIVE,HJ 8801,TH1-R8,May,-,-,-,X,Y,X,Y,Y,Y,Y,Y,Y,,,,,
109 Wilson Street,Pacifica Housing,,,$65.00,"Esquimalt, BC",Aug-24,ACTIVE,A 901,W1-R7,July,Y,X,Y,Y,Y,Y,Y,ANNUAL,Y,Y,Y,X,,,,,
1090 Johnson Street,Firm Management,,,$60.00,"Victoria, BC",Apr-23,ACTIVE,TM 0901,TH1-R8,March,Y,Y,Y,Y,Y,Y,Y,Y,Y,Y,Y,Y,,,,,
1097 View Street,Firm Management ,,,$125.00,"Victoria, BC",Feb-24,ACTIVE,VS 7901,TH1-R9,May,Y,Y,Y,Y,Y,Y,Y,Y,Y,Y,Y,ANNUAL,,,,,
110 Douglas Street,Devon Properties,,,$50.00,"Victoria, BC",,ACTIVE,344,TU3-R18,August,Y,Y,Y,Y,Y,Y,Y,Y,Y,ANNUAL,Y,Y,,,,,
1106 Balmoral Road,Peter Hejjas,,,$50.00,"Victoria, BC",Jan-23,ACTIVE,127,M1-R3,March,Y,Y,Y,ANNUAL,Y,Y,Y,Y,Y,Y,Y,Y,,,,,
1110 Samar Crescent,Breakwater Realty Inc.  ,Building A,,$75.00,"Langford, BC",Jun-25,ACTIVE,MS 0111,TU1-R5,November,-,-,-,-,-,Y,Y,Y,Y,Y,ANNUAL,Y,,,,,
1111 Hillside Avenue,Complete Residential,,,$55.00,"Victoria, BC",,ACTIVE,OP 1111,M1-R1,July,Y,Y,Y,Y,Y,Y,Y,ANNUAL,Y,Y,Y,Y,,,,,
1114 Samar Crescent,Breakwater Realty Inc.  ,Building B,,$75.00,"Langford, BC",Jun-25,ACTIVE,MS 0111,TU1-R5,November,-,-,-,-,-,Y,Y,Y,Y,Y,ANNUAL,Y,,,,,
1115 Craigflower Road,Proline,$65/month (A),,$65.00,"Esquimalt, BC",Jul-21,ACTIVE,"IW 5111
K6-G1",W2-R22,August,Y,Y,Y,Y,Y,Y,Y,Y,ANNUAL,Y,X,Y,,,,,
1120 Blanshard Street,Equitex ,,,$50.00,"Victoria, BC",Jan-23,ACTIVE,N/A,TH2-R15,February,X,Y,ANNUAL,Y,Y,Y,Y,Y,Y,Y,Y,Y,,,,,
1120 Burdett Ave,Devon Properties,,,$55.00,"Victoria, BC",Oct-24,ACTIVE,B0211,TH1-R9,October,Y,Y,Y,Y,Y,Y,Y,Y,Y,ANNUAL,Y,Y,,,,,
1120 Richardson Street,Gibraltar,,,$50.00,"Victoria, BC",Jan-23,ACTIVE,4,TH1-R9,September,Y,Y,Y,Y,Y,Y,Y,Y,Y,Y,Y,Y,,,,,
1120 Yates Street,Colliers,,,$50.00,"Victoria, BC",Jan-23,ACTIVE,321,TH1-R8,November,Y,Y,Y,Y,Y,X,X,Y,X,X,ANNUAL,Y,,,,,
1122 Hilda Street,Pemberton Strata,,,$50.00,"Victoria, BC",,ACTIVE,427,TU2-R13,November,Y,Y,Y,Y,Y,Y,Y,Y,Y,Y,ANNUAL,Y,,,,,
1122 McKenzie Street,Pemberton Holmes,,,$50.00,"Victoria, BC",,ACTIVE,100,M1-R2,March,Y,Y,ANNUAL,Y,Y,Y,Y,Y,Y,Y,Y,Y,,,,,
1125 Douglas Street,Arpeg Holdings Cactus Club,single panel share with 702 Fort Street,,$65.00,"Victoria, BC",Sep-12,ACTIVE,MEET KEN COOPER,TH2-R15,April,Y,Y,Y,Y,Y,ANNUAL,Y,X,Y,Y,Y,Y,,,,,
1125 Hillside Avenue,Devon Properties,,,$55.00,"Victoria, BC",Sep-24,CANCELLED,H 5211,-,August,Y,Y,Y,Y,-,-,-,-,-,-,-,-,,,,,
1126 Rockland Avenue,Starlight/Devon,,,$70.00,"Victoria, BC",Sep-23,ACTIVE,LD 6211,TH1-R9,June,Y,Y,Y,Y,Y,ANNUAL,Y,Y,Y,Y,Y,Y,,,,,
1127 Wharf Street,Darcy's Pub,,,$55.00,"Victoria, BC",Jun-14,ACTIVE,KEY AT SITE,TH2-R15,April,Y,Y,Y,Y,ANNUAL,Y,Y,Y,Y,Y,Y,Y,,,,,
1130 Fort Street,Pacifica Housing,,,$65.00,"Victoria, BC",Aug-24,ACTIVE,F 0311,TH1-R9,July,Y,Y,Y,X,Y,Y,ANNUAL,Y,Y,Y,X,Y,,,,,
1132 McClure Street,Devon Properties,,,$50.00,"Victoria, BC",Jan-23,ACTIVE,162,TH1-R9,August,Y,Y,Y,Y,Y,Y,Y,Y,ANNUAL,Y,Y,Y,,,,,
1133A Reynolds Road,Abbeyfield St. Peters,,,$55.00,"Saanich, BC",,ACTIVE,PQ 3311,TU1-R4,February,Y,Y,Y,Y,X,X,X,X,Y,Y,Y,Y,,,,,
1137-1139 Yates Street,Equitex Property Management,,,$75.00,"Victoria, BC",Jul-25,ACTIVE,TY 7311,M1-R1,October,-,-,-,-,-,-,Y,Y,Y,Y,Y,Y,,,,,
1145 Bay Street,Ashton Oaks c/o Gateway Prop,,,$50.00,"Victoria, BC",Jan-23,ACTIVE,322,M1-R3,September,Y,Y,Y,Y,Y,Y,Y,ANNUAL,Y,Y,Y,Y,,,,,
1150 Hilda Street,Devon Properties,,,$60.00,"Victoria, BC",Jun-24,ACTIVE,AH 0511,M1-R2,August,Y,Y,Y,Y,Y,Y,ANNUAL,Y,Y,Y,Y,Y,,,,,
1150 Queens Avenue,Pacific Quorum,,,$65.00,"Victoria, BC",,ACTIVE,406,M1-R1,January,Y,ANNUAL,Y,Y,Y,Y,Y,Y,Y,Y,Y,Y,,,,,
1150 Rockland Avenue,Pemberton Holmes,,,$50.00,"Victoria, BC",,ACTIVE,346,M1-R2,September,Y,Y,Y,Y,Y,Y,Y,Y,ANNUAL,Y,Y,Y,,,,,
1160 Esquimalt Road,Starlight/Devon,,,$55.00,"Victoria, BC",Nov-24,ACTIVE,EQ 611,W1-R7,December,ANNUAL,Y,X,Y,Y,X,Y,Y,Y,Y,Y,X,,,,,
1160 Richardson Street,Lee & Sharpe,,,$50.00,"Victoria, BC",,ACTIVE,164,M1-R2,March,Y,Y,Y,ANNUAL,Y,Y,Y,Y,Y,Y,Y,Y,,,,,
1165 Meares Street,Pemberton Holmes (new June 13/24),,,$55.00,"Victoria, BC",Jan-15,ACTIVE,"MA 5611
K2",M1-R2,July,Y,Y,Y,Y,Y,ANNUAL,Y,Y,Y,Y,Y,Y,,,,,
1165 Yates Street,Devon properties,,,$50.00,"Victoria, BC",,ACTIVE,340,M1-R1,February,Y,Y & ANNUAL,Y,Y,Y,Y,Y,Y,Y,Y,Y,Y,,,,,
1166 Rockland Avenue                      ,Freelance,,,$55.00,"Victoria, BC",,ACTIVE,"K 6611
K3",TH1-R9,September,Y,Y,Y,Y,Y,Y,Y,Y,ANNUAL,Y,Y,Y,,,,,
1177 Esquimalt Road,Devon Properties,,,$50.00,"Esquimalt, BC",Jan-23,ACTIVE,368,W1-R7,April,Y,Y,Y,ANNUAL,Y,Y,Y,Y,Y,Y,Y,X,,,,,
1178 Beach Drive,Devon Properties,,,$50.00,"Oak Bay, BC",Jan-23,ACTIVE,108,TU2-R13,July,Y,Y,Y,Y,Y,Y,ANNUAL,Y,Y,Y,Y,Y,,,,,
118 Croft Street,Brown Bros.,,,$50.00,"Victoria, BC",,ACTIVE,366,W3-R20,May,Y,Y,Y,Y,ANNUAL,Y,Y,Y,Y,Y,Y,Y,,,,,
1180 Colville Road,Starlight Properties c/o Devon Properties,,,$65.00,"Esquimalt, BC",Nov-23,ACTIVE,CR 0811,W2-R22,September,Y,Y,Y,Y,Y,Y,Y,Y,Y,Y,X,Y,,,,,
1180 View Street,Devon Properties,,,$50.00,"Victoria, BC",,ACTIVE,404,M1-R1,July,Y,Y,Y,Y,Y,ANNUAL,Y,Y,Y,Y,Y,Y,,,,,
1185 Yates Street,Devon Properties,,,$50.00,"Victoria, BC",Jan-23,ACTIVE,386,TH1-R9,May,Y,Y,Y,Y,ANNUAL,Y,X,Y,Y,Y,Y,Y,,,,,
1190 May Street,Devon Properties,,,$50.00,"Victoria, BC",Jan-23,ACTIVE,409,TU2-R13,February,Y,ANNUAL,Y,Y,Y,Y,X,Y,Y,Y,Y,Y,,,,,
1194 Esquimalt Road,Capital West,,,$60.00,"Esquimalt, BC",Jun-23,ACTIVE,FM 4911,W1-R7,March,Y,Y,Y,Y,Y,Y,Y,Y,Y,Y,Y,X,,,,,
1196 Clovelly Terrace,1196 Strata Corp VIS5164,,,$55.00,"Victoria, BC",Apr-21,ACTIVE,No Key,W1-R6,March,Y,Y,ANNUAL,X,X,X,Y,Y,Y,Y,Y,Y,,,,,
1196 Sluggett Road,Firm Management,,,$55.00,"Brentwood Bay, BC",Jun-21,ACTIVE,OW 6911,TU2-R12,August,Y,Y,Y,X,Y,Y,Y,Y,ANNUAL,Y,Y,Y,,,,,
120 Douglas Street,Oakwood,,,$55.00,"Victoria, BC",,ACTIVE,"AT 021
K3",TU3-R18,September,Y,Y,Y,Y,Y,Y,Y,Y,Y,Y,ANNUAL,Y,,,,,
"120 Gorge Road East - Building ""A""",Victoria Native Friendship Centre  ,,,$55.00,"Victoria, BC",Aug-25,ACTIVE,,W2-R22,February,-,-,-,-,-,-,-,Y,Y,Y,X,Y,,,,,
"120 Gorge Road East - Building ""B""",Victoria Native Friendship Centre  ,,,$55.00,"Victoria, BC",Aug-25,ACTIVE,,W2-R22,February,-,-,-,-,-,-,-,Y,Y,Y,X,Y,,,,,
1208 Rockland Avenue,Devon Properties,,,$50.00,"Victoria, BC",Jan-23,ACTIVE,133,TH1-R9,March,Y,Y,Y,ANNUAL,Y,Y,Y,Y,Y,Y,Y,Y,,,,,
1209 & 1229 Clarke Road,Central Saanich Municipality,"$65/month (A).  
PO & Months Required ",,$65.00,"Brentwood Bay, BC",Dec-20,ACTIVE,"CC 9021 
K4",TU2-R12,April,Y,Y,Y,ANNUAL,Y,Y,Y,Y,Y,Y,Y,Y,,,,,
1210 Tattersall Drive,Bross Holdings,,,$55.00,"Victoria, BC",Feb-25,ACTIVE,TT 0121,W1-R6,June,X,Y,Y,Y,X,ANNUAL,X,X,Y,Y,Y,Y,,,,,
1216 Johnson Street,Devon Properties,Previously R8 - Changed in November 2025,,$50.00,"Victoria, BC",Jan-23,ACTIVE,180,TH1-R9,January,ANNUAL,Y,Y,Y,Y,X,Y,Y,Y,Y,Y,Y,,,,,
1217 Pandora Avenue,South Island Property Management,,,$55.00,"Victoria, BC",Jan-25,ACTIVE,RP 7121,TH1-R8,November,X,Y,Y,Y,X,Y,Y,Y,Y,Y,ANNUAL,Y,,,,,
1220 Pandora Avenue,Devon Properties,,,$50.00,"Victoria, BC",Jan-23,ACTIVE,136,M1-R3,November,Y,Y,Y,X,Y,Y,Y,Y,Y,ANNUAL,Y,Y,,,,,
1222 Douglas Street,Firm Management,,,$50.00,"Victoria, BC",Jan-23,ACTIVE,DR 2221,TH2-R15,October,Y,Y,Y,Y,Y,Y,Y,Y,Y,ANNUAL,Y,Y,,,,,
1224 Balmoral Road,Starlight c/o Devon Properties,,,$55.00,"Victoria, BC",Nov-24,ACTIVE,B4221,M1-R3,June,Y,Y,Y,Y,Y,Y,Y,ANNUAL,Y,Y,Y,Y,,,,,
1226 Johnson Street,Pemberton Holmes - Residential,Previously R8 - Changed in November 2025,,$65.00,"Victoria, BC",Jul-25,ACTIVE,HJ 1226,TH1-R9,June,-,-,-,-,-,ANNUAL,Y,X,X,Y,Y,Y,,,,,
1229 Esquimalt Road,Township of Esquimalt,,,$55.00,"Esquimalt, BC",May-21,ACTIVE,No Key,W1-R7,May,Y,Y,Y,Y,ANNUAL,Y,Y,Y,Y,Y,Y,X,,,,,
1230 Fort Street,Pacific Quorum,Cancelled November 2025 - keys on X binder,,$50.00,"Victoria, BC",Jan-23,CANCELLED,405,-,March,Y,Y,Y,ANNUAL,Y,Y,Y,Y,Y,Y,-,-,,,,,
1230 Verdier Avenue,Starlight/Devon,Increase to $65 after January 2026,,$50.00,"Brentwood Bay, BC",Jan-23,ACTIVE,440,TU2-R12,January,ANNUAL,Y,Y,Y,Y,Y,Y,Y,Y,Y,Y,Y,,,,,
1233 Fairfield Road,Starlight/Devon,,,$50.00,"Victoria, BC",Jan-23,ACTIVE,178,TU2-R13,March,Y,Y,ANNUAL,Y,Y,Y,Y,Y,Y,Y,Y,Y,,,,,
1234 Fort Street,Hutton,Previously R8 - Changed in May 2025,,$55.00,"Victoria, BC",Dec-20,ACTIVE,"CP 4321
K2",TH1-R9,February,Y,ANNUAL,X,X,Y,Y,Y,Y,Y,Y,Y,Y,,,,,
1234 Wharf Street,Complete Residential,,,$55.00,"Victoria, BC",Feb-19,CANCELLED,Key at Front Desk,-,August,-,-,-,-,-,-,-,-,-,-,-,-,,,,,
1236 Pandora Avenue,Starlight/Devon,,,$50.00,"Victoria, BC",Jan-23,ACTIVE,136,M1-R3,November,Y,Y,Y,Y,Y,Y,Y,Y,Y,ANNUAL,Y,Y,,,,,
1236 Verdier Avenue,Starlight/Devon,Increase to $65 after January 2026,,$50.00,"Brentwood Bay, BC",Jan-23,ACTIVE,440,TU2-R12,January,ANNUAL,Y,Y,Y,Y,Y,Y,Y,Y,Y,Y,Y,,,,,
1249 Rockland Avenue,Sanpra Real Estate,,,$50.00,"Victoria, BC",,ACTIVE,137,M1-R2,September,Y,Y,Y,Y,Y,Y,Y,Y,Y,ANNUAL,Y,Y,,,,,
125 Croft Street,Pacific Cove,,,$60.00,"Victoria, BC",May-24,ACTIVE,TC 521,W3-R20,January,ANNUAL,Y,Y,Y,Y,Y,Y,Y,Y,Y,Y,Y,,,,,
1250 Wharf Street,Servissio Property Services Ltd.,,,$55.00,"Victoria, BC",Dec-20,ACTIVE,"TG 0521
K4",TH3-R21,January,Y & ANNUAL,Y,Y,Y,X,Y,Y,Y,Y,Y,Y,Y,,,,,
1252 Pandora Avenue,Brown Bros.,,,$55.00,"Victoria, BC",Nov-10,ACTIVE,"TA 2521
K2",M1-R3,December,ANNUAL,Y,Y,Y,Y,Y,Y,Y,Y,Y,Y,Y,,,,,
1255 Denman Street,Devon Properties,,,$50.00,"Victoria, BC",,ACTIVE,408,M1-R3,March,Y,Y,Y,ANNUAL,Y,Y,Y,Y,Y,Y,Y,Y,,,,,
127 Howe Street,Newport Property,,,$50.00,"Victoria, BC",Jan-23,ACTIVE,101,TU2-R13,September,Y,Y,Y,Y,Y,Y,Y,ANNUAL,Y,Y,Y,Y,,,,,
1270 Beach Drive,Associa,,,$50.00,"Oak Bay, BC",Jan-23,ACTIVE,306,TU2-R13,July,Y,Y,Y,Y,Y,Y,ANNUAL,Y,Y,Y,Y,Y,,,,,
1275 Oscar Street,1275 Oscar Street Holdings Ltd,,,$55.00,"Victoria, BC",Aug-22,ACTIVE,"OC 5721
K1",TU2-R13,April,Y,Y,Y,ANNUAL,Y,Y,Y,Y,Y,Y,Y,Y,,,,,
129 Gorge Road E,Belmont Properties,"months on invoice
",,$55.00,"Victoria, BC",Apr-23,ACTIVE,453,W2-R22,June,Y,Y,Y,Y,Y,Y,ANNUAL,Y,Y,Y,X,Y,,,,,
1291 Craigflower Road,Devon Properties,,,$50.00,"Esquimalt, BC",Jan-23,ACTIVE,413,W2-R22,June,Y,Y,Y,Y,Y,ANNUAL,Y,Y,Y,Y,X,Y,,,,,
1293 Craigflower Road,Devon Properties,,,$50.00,"Esquimalt, BC",Jan-23,ACTIVE,413,W2-R22,June,Y,Y,Y,Y,Y,ANNUAL,Y,Y,Y,Y,X,Y,,,,,
1295 Craigflower Road,Devon Properties,,,$50.00,"Esquimalt, BC",Jan-23,ACTIVE,413,W2-R22,May,Y,Y,Y,Y,Y,ANNUAL,Y,Y,Y,Y,X,Y,,,,,
1297 Craigflower Road,Devon Properties,,,$50.00,"Esquimalt, BC",Jan-23,ACTIVE,413,W2-R22,May,Y,Y,Y,Y,Y,ANNUAL,Y,Y,Y,Y,X,Y,,,,,
1300 Yates Street,Pacific Cove,,,$55.00,"Victoria, BC",Feb-21,ACTIVE,"RA 0031
K2",TH1-R8,October,Y,Y,Y,Y,Y,X,Y,Y,Y,X,X,ANNUAL,,,,,
1301 Fort Street,Proline,,,$55.00,"Victoria, BC",Feb-15,ACTIVE,"YT 1031
K1",M1-R2,October,Y,Y,Y,Y,Y,Y,Y,Y,Y,ANNUAL,Y,Y,,,,,
1301 Pandora,Devon Properties,,,$50.00,"Victoria, BC",Jan-23,ACTIVE,153,TH1-R8,April,Y,Y,Y,ANNUAL,Y,Y,Y,Y,Y,Y,Y,Y,,,,,
1308-1312 Douglas Street,Exchequer,,,$50.00,"Victoria, BC",Jan-23,ACTIVE,339,TH3-R21,May,Y,Y,Y,Y,Y,Y,Y,ANNUAL,Y,Y,Y,Y,,,,,
131 Gorge Road E,Belmont Properties,"months on invoice
",,$55.00,"Victoria, BC",Apr-23,ACTIVE,453,W2-R22,June,Y,Y,Y,Y,Y,Y,Y,ANNUAL,Y,Y,X,Y,,,,,
1312 Beach Drive,South Island,,,$50.00,"Oak Bay, BC",,ACTIVE,3,TU2-R13,May,Y,Y,Y,Y,ANNUAL,Y,Y,Y,X,Y,Y,Y,,,,,
1312 Blanshard Street,Richmond Property Group,,,$55.00,"Victoria, BC",Jul-22,ACTIVE,"CB 2131
K1-F2",TH3-R21,June,Y,Y,Y,Y,Y,Y,ANNUAL,Y,Y,Y,Y,Y,,,,,
1317 Hillside,Vince Collard,,,$55.00,"Victoria, BC",Jun-20,ACTIVE,"XH 7131
K6",M1-R1,March,Y,Y,ANNUAL,Y,Y,Y,Y,Y,Y,Y,Y,Y,,,,,
1319 Newport Avenue,Christiane Selenz,,,$65.00,"Oak Bay, BC",Dec-23,ACTIVE,NA 9131,TU2-R13,August,Y,Y,Y,Y,Y,Y,Y,ANNUAL,Y,Y,Y,Y,,,,,
1320 Rockland Avenue,Brown Bros.,We missed doing this during merger. Re-added to MBT in Dec/23,,$50.00,"Victoria, BC",Dec-23,ACTIVE,161,TH1-R9,July,Y,Y,Y,Y,Y,ANNUAL,Y,Y,Y,Y,Y,Y,,,,,
1321 Broad Street,Richmond Property Group Ltd.,,,$75.00,"Victoria, BC",Nov-25,ACTIVE,378,TH3-R21,April,-,-,-,-,-,-,-,-,-,-,Y,Y,,,,,
1321 Fernwood Road,Victoria Native Friendship Centre,,,$75.00,"Victoria, BC",Jun-25,ACTIVE,WF 1231,TH1-R8,March,-,-,-,-,-,Y,Y,Y,Y,X,X,X,,,,,
1322 Blanshard Street,Devon Properties,,,$50.00,"Victoria, BC",Jan-23,ACTIVE,382,TH3-R21,May,Y,Y,Y,Y,ANNUAL,Y,Y,X,Y,Y,Y,Y,,,,,
1325 Franklin Terrace,Newport Property Management,,,$50.00,"Victoria, BC",,ACTIVE,173,M1-R2,September,Y,Y,Y,Y,Y,Y,Y,Y,ANNUAL,Y,Y,Y,,,,,
1325 Government Street,Wing Lee Holdings Ltd.,,,$65.00,"Victoria, BC",Jun-25,ACTIVE,No keys,TH3-R21,April,-,-,-,-,-,Y,X,Y,Y,Y,Y,Y,,,,,
133 Gorge Road E,Belmont Properties,months on invoice,,$50.00,"Victoria, BC",Apr-23,CANCELLED,454,-,June,-,-,-,-,-,-,-,-,-,-,-,-,,,,,
1337 Saunders Street,Belmont Properties,"months on invoice
",,$55.00,"Esquimalt, BC",Sep-23,ACTIVE,DS 7331,W1-R7,October,Y,Y,Y,Y,Y,Y,Y,Y,Y,ANNUAL,Y,X,,,,,
1340 Sussex Road,Belmont Properties,"months on invoice
",,$55.00,"Esquimalt, BC",Apr-23,ACTIVE,447,W1-R7,December,Y,Y,Y,Y,ANNUAL,Y,Y,Y,Y,Y,Y,X,,,,,
135 Gorge Road E,Belmont Properties,"months on invoice
",,$55.00,"Victoria, BC",Apr-23,ACTIVE,453,W2-R22,June,Y,Y,Y,Y,Y,Y,Y,ANNUAL,Y,Y,X,Y,,,,,
1350 Stanley Avenue,Capital West,,,$60.00,"Victoria, BC",Jun-23,ACTIVE,SA 0531,TH1-R8,March,Y,Y,Y,Y,Y,Y,Y,ANNUAL,Y,Y,Y,Y,,,,,
1354 Craigdarroch Road,Newport Property management,,,$50.00,"Esquimalt, BC",,ACTIVE,174,M1-R1,May,Y,Y,Y,Y,ANNUAL,Y,Y,Y,Y,Y,Y,Y,,,,,
1368 Pandora Avenue,Capital West,,,$60.00,"Victoria, BC",Jun-23,ACTIVE,PP 8631,M1-R3,October,Y,Y,Y,Y,Y,Y,Y,Y,Y,Y,Y,ANNUAL,,,,,
1369 Mitchell Street,Oak Bay United Church,,,$55.00,"Oak Bay, BC",Nov-21,ACTIVE,"UC 9631
K2",TU2-R13,January,ANNUAL,Y,Y,Y,Y,Y,Y,Y,Y,Y,Y,Y,,,,,
1392 Rockland Avenue,Gibraltar ,,,$50.00,"Victoria, BC",,ACTIVE,30,M1-R1,December,Y,Y,Y,Y,Y,Y,Y,Y,Y,Y,Y,ANNUAL,,,,,
1399 Stanley Avenue,Belmont Properties,"months on invoice
3 months free between August / October 2025 - Projects",,$55.00,"Victoria, BC",Apr-23,ACTIVE,452,TH1-R8,August,Y,Y,Y,Y,Y,Y,Y,X,Y,Y,Y,Y,,,,,
1400 Beach Drive,Capital West,,,$60.00,"Oak Bay, BC",Jun-23,ACTIVE,BR 0041,TU2-R13,October,Y,Y,Y,Y,Y,Y,Y,Y,Y,Y,Y,ANNUAL,,,,,
1400 Quadra Street,Starlight Properties c/o Devon Properties Ltd.,Kane sent an email about the by inhibit situation. Put on hold. 26 June 2025,,$125.00,"Victoria, BC",May-25,ACTIVE,DQ 0041,TH1-R8,March,-,-,-,-,Y,Y,X,Y,Y,Y,Y,Y,,,,,
1407 Fort Street,Proline,,,$55.00,"Victoria, BC",Feb-15,ACTIVE,"ZT 7041
K2",TH1-R8,October,Y,Y,Y,Y,Y,X,X,X,X,Y,Y,Y,,,,,
1407 Government Street,South Island Property Mgmt,,,$55.00,"Victoria, BC",Sep-15,ACTIVE,"GS 7041
K6",TH3-R21,June,Y,Y,Y,Y,ANNUAL,Y,Y,Y,X,Y,Y,Y,,,,,
1410 Fort Street,Devon,,,$55.00,"Victoria, BC",Sep-24,ACTIVE,FS 0141,M1-R2,September,Y,Y,Y,Y,Y,Y,Y,X,ANNUAL,Y,Y,Y,,,,,
1414 Hillside Avenue,Brown Bros.,,,$50.00,"Victoria, BC",,ACTIVE,461,W1-R6,June,Y,Y,Y,Y,Y,ANNUAL,Y,Y,Y,Y,Y,Y,,,,,
1419 Fort Street,Newport Property,,,$65.00,"Victoria, BC",,ACTIVE,N/A,M1-R1,July,Y,Y,Y,Y,Y,Y,ANNUAL,Y,Y,Y,Y,Y,,,,,
1419 Stadacona Avenue & 1545 Pandora Avenue,Colyvan Pacific,,,$55.00,"Victoria, BC",Dec-16,ACTIVE,"SC 9141
K2-F1",M1-R3,May,Y,Y,Y,Y,Y,Y,Y,Y,ANNUAL,Y,Y,Y,,,,,
1430 Stadacona Avenue,Starlight/Devon,,,$60.00,"Victoria, BC",,ACTIVE,396,M1-R1,T.O,Y,Y,Y,Y,X,Y,Y,Y,Y,Y,Y,Y,,,,,
1433 Faircliff Lane,Oakwood,,,$55.00,"Victoria, BC",Apr-17,ACTIVE,"IT 3341
K3",TU2-R13,November,Y,Y,Y,Y,Y,Y,Y,Y,ANNUAL,Y,Y,Y,,,,,
1435 Elford Street,TPM Management,,,$65.00,"Victoria, BC",,ACTIVE,395,M1-R1,July,Y,Y,Y,Y,Y,Y,Y,Y,Y,Y,Y,Y,,,,,
1436 Harrison Street                                                       ,Firm Management,,,$55.00,"Victoria, BC",Aug-22,ACTIVE,"H 6341
K1-F1",TH1-R8,March,Y,Y,ANNUAL,Y,Y,Y,Y,Y,Y,Y,Y,Y,,,,,
1445 Fort Street,Brown Bros.,,,$50.00,"Victoria, BC",Jan-23,ACTIVE,141,TH1-R8,January,ANNUAL,Y,Y,Y,Y,Y,Y,Y,Y,Y,Y,Y,,,,,
146 Clarence Street,Century 21 ,,,$50.00,"Victoria, BC",Jan-23,ACTIVE,112,W3-R20,September,Y,Y,Y,Y,Y,Y,Y,Y,ANNUAL,Y,Y,Y,,,,,
1461 Blanshard Street,Congregation Emanu-el,,,$60.00,"Victoria, BC",Dec-23,ACTIVE,LD 1641,TH1-R8,January,Y & ANNUAL,Y,Y,Y,Y,Y,X,X,Y,X,Y,Y,,,,,
1465 Fort Street,Brown Brothers Property Management,,,$75.00,"Victoria, BC",Jul-25,ACTIVE,FT 5641,M1-R1,December,-,-,-,-,-,-,Y,Y,Y,Y,Y,Y,,,,,
1468 Vancouver Street,Townline,,,$125.00,"Victoria, BC",Nov-25,ACTIVE,CV 8641,TH2-R15,June,-,-,-,-,-,-,-,-,-,-,Y,Y,,,,,
1483 Douglas Street,Porte Realty,,,$55.00,"Victoria, BC",Feb-20,ACTIVE,SA 3841,TH3-R21,May,Y,Y,Y,Y,ANNUAL,Y,Y,Y,Y,Y,Y,Y,,,,,
1485 Fort Street,Peter Hejjas,,,$65.00,"Victoria, BC",,ACTIVE,138,M1-R1,January,Y,Y,Y,ANNUAL,Y,Y,Y,Y,Y,Y,Y,Y,,,,,
1488 Cook Street,Centurion Properties,Month on invoice,,$85.00,"Victoria, BC",Jan-23,ACTIVE,347,TH1-R8,April,Y,Y,Y,Y,ANNUAL,X,Y,Y,Y,Y,Y,Y,,,,,
1490 Garnet Road,Complete Residential,,,$55.00,"Saanich, BC",Nov-18,ACTIVE,LA 0941,TH2-R23,February,Y,ANNUAL,Y,Y,Y,Y,Y,Y,Y,Y,Y,Y,,,,,
1495 Admirals Road,Thrifty Foods,"Invoice Monthly starting Apr. 1/21 @ $275 (no TC06)  
Inv.23882 - Mar.31/21 @ $55 + TC06",,$275.00,"Esquimalt, BC",Mar-21,ACTIVE,No Key,M3-R17,October,Y,Y,Y,Y,Y,Y,Y,Y,Y,ANNUAL,X,Y,,,,,
1501 Laurel Lane,SRL Fire Protection,,,$55.00,"Victoria, BC",Aug-22,ACTIVE,"LL 1051
K2",TH1-R9,July,Y,Y,Y,Y,Y,Y,ANNUAL,Y,Y,Y,Y,Y,,,,,
1504 Church Street,Proline Property Management Ltd.,,,$75.00,"Victoria, BC",Nov-25,ACTIVE,HC 4051,TH2-R23,October,-,-,-,-,-,-,-,-,-,-,Y,Y,,,,,
1505 Belcher Avenue,Brown Bros.,,,$50.00,"Victoria, BC",Jan-23,ACTIVE,140,W2-R14,August,Y,Y,Y,Y,Y,Y,Y,ANNUAL,Y,Y,Y,Y,,,,,
1505 Morrison Street,Newport Property management,,,$50.00,"Victoria, BC",,ACTIVE,06,M1-R1,February,Y,ANNUAL,Y,Y,Y,Y,Y,Y,Y,Y,Y,Y,,,,,
151 St. Andrews Street,Devon Properties,,,$50.00,"Victoria, BC",Jan-23,ACTIVE,147,TU3-R18,July,Y,Y,Y,Y,Y,Y,ANNUAL,Y,Y,Y,Y,Y,,,,,
1510 / 1520 McKenzie Avenue,Greystar,,,$75.00,"Saanich, BC",Nov-25,ACTIVE,MK 151,TH2-R23,June,-,-,-,-,-,-,-,-,-,-,Y,Y,,,,,
1510 Hillside Avenue,South Island Property Mgmt,,,$55.00,"Victoria, BC",,ACTIVE,"BT 0151
K6",W1-R6,August,Y,Y,Y,Y,Y,Y,Y,Y,Y,Y,Y,ANNUAL,,,,,
1510 Jubilee Avenue,Pemberton Holmes,,,$50.00,"Victoria, BC",,ACTIVE,95,M1-R1,July,Y,Y,Y,Y,Y,Y,ANNUAL,Y,Y,Y,Y,Y,,,,,
1512 Keating Cross Road,Central Saanich Municipality,"Billed under one MBT (QB)- Central saanich 
PO & Months Required ",,$65.00,"Saanichton, BC",Jan-20,ACTIVE,onsite contact,TU2-R12,June,Y,Y,Y,Y,Y,Y,ANNUAL,Y,Y,Y,Y,Y,,,,,
1520 Belcher Avenue,Pemberton Holmes,Free of charge for 3 months after September 2025 - Projects,,$50.00,"Victoria, BC",Jan-23,ACTIVE,97,W2-R14,March,Y,Y,ANNUAL,Y,Y,X,X,X,X,Y,Y,Y,,,,,
1520 Jubilee Avenue,Pemberton Holmes,,,$50.00,"Victoria, BC",Jan-23,ACTIVE,96,W2-R14,June,Y,Y,Y,Y,Y,ANNUAL,Y,Y,X,Y,Y,Y,,,,,
1527 Cedar Hill Cross Road,Devon Properties,,,$50.00,"Victoria, BC",Jan-23,ACTIVE,107,TH2-R23,November,Y,Y,Y,Y,Y,Y,X,Y,X,Y,ANNUAL,Y,,,,,
1527 Fort Street,Pemberton Holmes Ltd.,,,$65.00,"Victoria, BC",Mar-25,ACTIVE,TF 7251,M1-R1,July,-,-,Y,Y,Y,Y,Y,ANNUAL,Y,Y,Y,Y,,,,,
1530 Belcher Avenue,Newport      Bornemann,,,$50.00,"Victoria, BC",Jan-23,CANCELLED,60,-,October,Y,-,-,-,-,-,-,-,-,-,-,-,,,,,
1535 Jubilee Avenue,Szlanko Family Trust,,,$75.00,"Victoria, BC",Oct-25,ACTIVE,JL 5351,M1-R1,August,-,-,-,-,-,-,-,-,-,Y,Y,Y,,,,,
1536 Wilmot Place,Devon Properties Ltd.,,,$75.00,"Victoria, BC",Oct-25,ACTIVE,,TU2-R13,September,-,-,-,-,-,-,-,-,-,Y,Y,Y,,,,,
1550 Richmond Road,Itziar Management,,,$55.00,"Victoria, BC",Apr-14,ACTIVE,"OO 0551
K2",W2-R14,August,Y,Y,X,X,X,Y,Y,ANNUAL,Y,Y,Y,Y,,,,,
1550 Stockton Crescent,Devon Properties,,,$55.00,"Victoria, BC",Mar-24,ACTIVE,LY 0551,TH2-R23,September,Y,Y,Y,Y,Y,Y,Y,Y,Y,ANNUAL,Y,Y,,,,,
1555 Jubilee Avenue,Devon Properties,,,$60.00,"Victoria, BC",May-23,ACTIVE,"CJ 5551
[K2]",M1-R1,February,Y,Y,ANNUAL,Y,Y,Y,Y,Y,Y,Y,Y,Y,,,,,
1555 Richmond Road,Devon Properties,,,$50.00,"Victoria, BC",Jan-23,ACTIVE,329,W2-R14,November,Y,Y,Y,Y,Y,Y,Y,Y,Y,Y,Y,Y,,,,,
1573/1575 Begbie Street,Devon Properties,,,$50.00,"Victoria, BC",Jan-23,ACTIVE,74,M1-R3,May,Y,Y,Y,Y,Y,ANNUAL,Y,X,Y,Y,Y,Y,,,,,
1580 Hillside Avenue,Thrifty Foods,Invoice Monthly starting Apr. 1/21 @ $275 (no TC06)  ,,$275.00,"Victoria, BC",Apr-21,ACTIVE,No Key,M3-R17,March,Y,Y,ANNUAL,Y,Y,Y,Y,Y,Y,Y,Y,Y,,,,,
1581 Hillside Avenue,Brown Brothers Property Management,,,$55.00,"Victoria, BC",,ACTIVE,"W 1851
K2",W1-R6,January,Y & ANNUAL,Y,Y,Y,Y,Y,Y,Y,Y,Y,Y,Y,,,,,
1585 Oak Bay Avenue,Pemberton Holmes,,,$50.00,"Oak Bay, BC",,ACTIVE,364,M1-R1,July,Y,Y,Y,Y,Y,Y,ANNUAL,Y,Y,Y,Y,Y,,,,,
1590 Fairfield Road,Thrifty Foods,"Invoice Monthly starting Apr. 1/21 @ $275 (no TC06)  
Inv.23883 - Dec.1/20-Mar.31/21 @ $55 + TC06",,$275.00,"Victoria, BC",20-Dec,ACTIVE,No Key,M2-R11,February,Y,Y,Y,X,Y,Y,Y,Y,X,Y,Y,Y,,,,,
1595 Rockland Avenue,J Gordon Enterprises Ltd,,,$55.00,"Victoria, BC",Aug-20,ACTIVE,"PG 5951
K1",M1-R1,April,Y,Y,Y,Y,ANNUAL,Y,Y,Y,Y,Y,Y,Y,,,,,
160 Wilson Street,Proline,,,$55.00,"Victoria, BC",Aug-14,ACTIVE,"PT061 
K3-F1",W1-R7,March,Y,X,Y,ANNUAL,Y,Y,Y,Y,Y,Y,Y,X,,,,,
1612 Quadra Street,Yeung's Family Holdings,Apply credit from QB to invoices ,,$65.00,"Victoria, BC",,ACTIVE,56,M1-R2,May,Y,Y,Y,Y,ANNUAL,Y,Y,Y,Y,Y,Y,Y,,,,,
1615 Belcher Avenue,Strata Plan VIS 457,,,$65.00,"Victoria, BC",Feb-25,ACTIVE,BC 5161,W2-R14,April,X,Y,Y,ANNUAL,Y,Y,Y,Y,Y,Y,Y,Y,,,,,
1625 Richmond Road,Devon Properties,,,$50.00,"Victoria, BC",Jan-23,ACTIVE,330,W2-R14,November,Y,Y,Y,Y,Y,X,Y,Y,Y,Y,Y,ANNUAL,,,,,
1653 Oak Bay Ave,Century 21,,,$70.00,"Victoria, BC",Jun-24,ACTIVE,BO 3561,M1-R1,March,Y,Y,Y,ANNUAL,Y,Y,Y,Y,Y,Y,Y,Y,,,,,
1655 Begbie Street,Proline,,,$55.00,"Victoria, BC",,ACTIVE,"G 5561
K2",M1-R3,February,Y,ANNUAL,Y,Y,Y,Y,Y,Y,Y,Y,Y,Y,,,,,
1655 Chambers Street,Pacific Cove Properties,,,$65.00,"Victoria, BC",Feb-24,ACTIVE,BR 5561,M1-R3,April,Y,Y,Y,ANNUAL,Y,Y,Y,Y,X,Y,Y,Y,,,,,
1660 Fort Street,Century 21 ,,,$50.00,"Victoria, BC",,ACTIVE,167,M1-R1,October,Y,Y,Y,Y,Y,Y,Y,Y,Y,ANNUAL,Y,Y,,,,,
1669 Fairfield Road,Newport Property Management,,,$50.00,"Victoria, BC",,ACTIVE,336,M1-R1,May,Y,Y,Y,Y,ANNUAL,Y,Y,Y,Y,Y,Y,Y,,,,,
1677 Hollywood Crescent,Newport Property,,,$50.00,"Victoria, BC",Jan-23,ACTIVE,335,M2-R11,March,Y,Y,ANNUAL,X,Y,Y,Y,Y,X,Y,Y,Y,,,,,
1678 Fort Street,Cascadia Comm. Solutions new late 2022) (was TPM Properties),,,$55.00,"Victoria, BC",Nov-22,ACTIVE,"HC 8761
K2",M1-R3,September,Y,Y,Y,Y,Y,Y,Y,Y,ANNUAL,Y,Y,Y,,,,,
1720 Richmond Avenue,Proline,,,$55.00,"Victoria, BC",Dec-19,ACTIVE,"QL 0271
K2",M1-R1,September,Y,Y,Y,Y,Y,Y,Y,Y,ANNUAL,Y,Y,Y,,,,,
1721 Quadra Street,Strata Plan Vis 5799,,,$55.00,"Victoria, BC",Jul-16,ACTIVE,"P 1271
K4",M1-R3,March,Y,Y,Y,Y,ANNUAL,Y,Y,Y,Y,Y,Y,Y,,,,,
1731 Cook Street,Tri-Eagle,,,$50.00,"Victoria, BC",Jan-23,ACTIVE,52,M1-R3,July,Y,Y,Y,Y,Y,Y,ANNUAL,Y,Y,Y,Y,Y,,,,,
1760 Fort Street,Pemberton Holmes,,,$50.00,"Victoria, BC",,ACTIVE,157,M1-R1,August,Y,Y,Y,Y,Y,Y,ANNUAL,Y,Y,Y,Y,Y,,,,,
1791 Rockland Avenue,Devon Properties,,,$50.00,"Victoria, BC",Jan-23,ACTIVE,158,W2-R14,March,Y,ANNUAL,Y,Y,Y,Y,Y,Y,X,Y,Y,Y,,,,,
1802-1826 Government Street,Devon Properties,,,$50.00,"Victoria, BC",Jan-23,ACTIVE,379,TH3-R21,April,Y,Y,Y,ANNUAL,Y,Y,Y,Y,Y,Y,Y,Y,,,,,
1809 Hovey Road,Panorma Recreation Centre,,,$65.00,"Saanichton, BC",Dec-20,ACTIVE,FH 9081,TU2-R12,December,Y,X,Y,Y,Y,Y,Y,Y,Y,Y,Y,ANNUAL,,,,,
1821 Cook Street,Cornerstone,,,$55.00,"Victoria, BC",Jun-13,ACTIVE,"Z 1281
K5",M1-R3,October,Y,Y,Y,Y,Y,Y,Y,Y,Y,Y,ANNUAL,Y,,,,,
1830 Oak Bay Avenue,Richmond Property Group,R14 changed to R15 in Sep/24,,$65.00,"Oak Bay, BC",May-24,ACTIVE,KA 0381,TH2-R15,August,Y,Y,Y,Y,Y,Y,Y,Y,Y,Y,Y,Y,,,,,
1841 Oak Bay Avenue,Starlight Properties c/o Devon Properties,,,$70.00,"Oak Bay, BC",Aug-23,ACTIVE,OB 1481,W2-R14,July,Y,Y,Y,Y,Y,Y,ANNUAL,Y,Y,Y,Y,Y,,,,,
1860 Island Highway,Thrifty Foods,Invoice Monthly starting Apr. 1/21 @ $275 (no TC06)  ,,$275.00,"Langford, BC",Apr-21,ACTIVE,No Key,M3-R17,September,Y,Y,ANNUAL,Y,Y,Y,Y,Y,Y,Y,Y,Y,,,,,
188 Douglas Street,Hutton,,,$55.00,"Victoria, BC",,CANCELLED,"B 881
K4-F1",-,October,-,-,-,-,-,-,-,-,-,-,-,-,,,,,
1885 Forest Park Drive,Panorama Leisure,,,$55.00,"North Saanich, BC",,ACTIVE,No Key,F2-R16,January,Y,ANNUAL,Y,X,X,X,X,Y,Y,Y,Y,Y,,,,,
1901 Mt. Newton Cross Road,Central Saanich Municipality,"$65/month (A).  
PO & Months Required ",,$65.00,"Saanichton, BC",Dec-20,ACTIVE,FM 1091,TU2-R12,April,Y,Y,Y,ANNUAL,Y,Y,Y,Y,Y,Y,Y,Y,,,,,
1903 Mt Newton Cross Road,Central Saanich Municipality,"$65/month (A).  
PO & Months Required ",,$65.00,"Saanichton, BC",Feb-20,ACTIVE,MH 3091,TU2-R12,April,Y,Y,Y,ANNUAL,Y,Y,Y,Y,Y,Y,Y,Y,,,,,
1928 Lee Avenue,Starlight/Devon,,,$50.00,"Victoria, BC",Jan-23,ACTIVE,175,W2-R14,May,Y,Y,Y,Y,Y,Y,ANNUAL,Y,Y,Y,Y,Y,,,,,
1939 Lee Avenue,TPM Property management,,,$50.00,"Victoria, BC",,ACTIVE,384,W2-R14,June,X,Y,Y,Y,Y,ANNUAL,Y,Y,Y,Y,Y,Y,,,,,
1950-1952 Blanshard Street,RealHomes Management Corp.,,,$55.00,"Victoria, BC",Oct-18,ACTIVE,"AZ 0591
K3-F2",TH3-R21,November,Y,Y,Y,Y,Y,Y,Y,Y,Y,Y,Y,ANNUAL,,,,,
1964 Fort Street,Hutton,,,$50.00,"Victoria, BC",Jan-23,ACTIVE,181,W2-R14,January,ANNUAL,Y,Y,Y,Y,Y,Y,Y,Y,Y,Y,X,,,,,
1975 Lee Avenue,Hutton,,,$55.00,"Victoria, BC",Jul-13,ACTIVE,"F 5791
K3",W2-R14,February,Y,ANNUAL,Y,Y,Y,Y,Y,Y,Y,Y,Y,Y,,,,,
1990 Fort Street,Devon Properties,,,$55.00,"Victoria, BC",Dec-24,ACTIVE,TF 0991,W2-R14,September,X,X,Y,Y,Y,Y,Y,ANNUAL,Y,Y,Y,Y,,,,,
20 Olympia Avenue,Devon Properties,,,$50.00,"Victoria, BC",Jan-23,ACTIVE,177,W3-R20,May,Y,Y,Y,Y,ANNUAL,Y,Y,Y,Y,Y,X,Y,,,,,
200 Dallas Road,Devon Properties,,,$50.00,"Victoria, BC",Jan-23,ACTIVE,362,W3-R20,May,Y,Y,Y,Y,Y,ANNUAL,Y,Y,Y,Y,Y,Y,,,,,
2006 Sooke Road,Pacifica Housing,Previously R5 - changed November 2025,,$65.00,"Langford, BC",Aug-24,ACTIVE,S 6002,W2-R22,December,X,Y,Y,Y,Y,Y,X,ANNUAL,Y,Y,X,Y,,,,,
2020 Richmond Road                                  ,Brown Bros.,,,$55.00,"Victoria, BC",,ACTIVE,KEY AT SITE,TH2-R15,November,Y,Y,Y,Y,Y,X,Y,Y,Y,Y,Y,ANNUAL,,,,,
203 Kimta Road,Firm Management,,,$40.00,"Victoria, BC",Aug-21,ACTIVE,P 302,W1-R7,April,Y,Y,X,Y,ANNUAL,Y,Y,Y,Y,Y,Y,X,,,,,
2030 Malaview Drive,Slegg L.P. ,,,$50.00,"Sidney, BC",Jan-23,ACTIVE,No Key,F2-R16,January,Y,ANNUAL,Y,Y,Y,Y,Y,Y,Y,Y,Y,Y,,,,,
2035 Mills Road,Axys,,,$60.00,"Sidney, BC",Apr-23,ACTIVE,N/A,M3-R17,March,Y,Y,ANNUAL,Y,Y,Y,Y,Y,Y,Y,Y,X,,,,,
2040 White Birch Drive,Marina Park Apartments,,,$55.00,"Sidney, BC",Apr-23,ACTIVE,WB 0402,F2-R16,September,Y,Y,Y,Y,Y,Y,Y,ANNUAL,Y,Y,Y,Y,,,,,
"2045 Carrick / 
2060 Haultain","St. Patrick's Church/
St. Clare Villa",$55/month for both sites (quoted by TW),,$55.00,"Victoria, BC",Aug-21,ACTIVE,"CH 5402
K2",W2-R14,April,Y,Y,Y,Y,ANNUAL,Y,Y,Y,Y,Y,Y,Y,,,,,
205 Kimta Road,Firm Management,,,$40.00,"Victoria, BC",Sep-21,ACTIVE,P 302,W1-R7,May,Y,Y,X,Y,ANNUAL,Y,Y,Y,Y,Y,Y,X,,,,,
2050 White Birch Drive,Marina Park Apartments,,,$55.00,"Sidney, BC",Apr-23,ACTIVE,WB 0402,F2-R16,September,Y,Y,Y,Y,Y,Y,Y,ANNUAL,Y,Y,Y,Y,,,,,
206 Oswego Street,Dorset Realty,,,$55.00,"Victoria, BC",Jan-15,ACTIVE,"C 602
K2",M1-R2,April,Y,Y,Y,Y,ANNUAL,Y,Y,Y,Y,Y,Y,Y,,,,,
2065 Oak Bay Avenue,Brown Bros.,,,$55.00,"Oak Bay, BC",,ACTIVE,428,TU2-R13,January,Y,Y,Y,Y,ANNUAL,Y,Y,Y,X,Y,Y,Y,,,,,
2067 Cadboro Bay,Devon Properties,,,$50.00,"Oak Bay, BC",Jan-23,ACTIVE,338,W2-R14,October,Y,Y,Y,Y,Y,Y,Y,Y,Y,Y,ANNUAL,Y,,,,,
209 Cook Street,Pemberton Holmes,,,$55.00,"Victoria, BC",,ACTIVE,"Q 902
K4",TU3-R18,April,Y,Y,Y,ANNUAL,Y,Y,Y,Y,Y,Y,Y,Y,,,,,
2100 Cadboro Bay,Pemberton Holmes,,,$50.00,"Oak Bay, BC",,ACTIVE,419,W2-R14,October,Y,Y,Y,Y,Y,Y,Y,Y,Y,ANNUAL,Y,Y,,,,,
2120 Cadboro Bay,TPM Properties,,,$50.00,"Oak Bay, BC",Jan-23,ACTIVE,390,W2-R14,July,Y,Y,Y,Y,Y,Y,ANNUAL,Y,Y,Y,Y,Y,,,,,
2129 Florence Street,Devon Properties,,,$50.00,"Victoria, BC",Jan-23,ACTIVE,305,W2-R14,January,Y,Y,ANNUAL,Y,Y,Y,Y,Y,Y,Y,Y,Y,,,,,
2136 Ridge Road,Brown Bros.,,,$70.00,"Victoria, BC",Jul-23,ACTIVE,RG 6312,M1-R1,October,Y,Y,Y,Y,Y,Y,Y,Y,Y,Y,ANNUAL,Y,,,,,
214 Moss Street,Century 21 Queenswood,,,$50.00,"Victoria, BC",Jan-23,ACTIVE,165,TU2-R13,November,X,Y,Y,Y,Y,Y,Y,Y,Y,Y,Y,ANNUAL,,,,,
2140 Cadboro Bay,TPM Properties,,,$50.00,"Oak Bay, BC",Jan-23,ACTIVE,390,W2-R14,July,Y,Y,Y,Y,Y,Y,ANNUAL,Y,Y,Y,Y,Y,,,,,
215 Oswego Street,Belmont Properties,"Months on invoices
",,$60.00,"Victoria, BC",Apr-23,ACTIVE,"AQ 512
[K2,F1]",W3-R20,June,Y,Y,Y,Y,Y,Y,Y,ANNUAL,Y,Y,Y,Y,,,,,
2150 Cadboro Bay,Century 21 Queenswood,,,$50.00,"Oak Bay, BC",Jan-23,ACTIVE,170,W2-R14,February,Y,ANNUAL,Y,Y,Y,Y,Y,Y,Y,Y,Y,Y,,,,,
2151 Haultain Street,Devon Properties,,,$50.00,"Victoria, BC",Jan-23,ACTIVE,155,W2-R14,September,Y,Y,Y,Y,Y,Y,ANNUAL,Y,Y,Y,Y,Y,,,,,
2151 Lannon Way,Panorama Leisure,,,$55.00,"Sidney, BC",,ACTIVE,No Key,F2-R16,March,Y,Y,ANNUAL,X,X,Y,X,Y,Y,Y,Y,Y,,,,,
2161 Haultain Street,Brookridge ,,,$60.00,"Victoria, BC",Sep-24,ON HOLD,H 1612,W2-R14,June,Y,Y,Y,Y,Y,Y,Y,Y,Y,Y,Y,X,,,,,
217 Cook Street,Brown Bros.,,,$42.00,"Victoria, BC",,CANCELLED,C 712,-,,-,-,-,-,-,-,-,-,-,-,-,-,,,,,
2170 Haultain Street,750 Pemberton Developments Ltd.,,,$50.00,"Victoria, BC",Jan-23,ACTIVE,367,W2-R14,May,Y,Y,X,Y,ANNUAL,Y,Y,Y,Y,Y,Y,Y,,,,,
2181 Haultain Street,Belmont Properties,Months on invoices,,$55.00,"Victoria, BC",Apr-23,ACTIVE,446,W2-R14,February,Y,Y,Y,ANNUAL,X,Y,Y,Y,Y,Y,Y,X,,,,,
2184 Cadboro Bay Road,Devon Properties,,,$50.00,"Oak Bay, BC",Jan-23,ACTIVE,134,W2-R14,August,Y,Y,Y,Y,Y,Y,Y,ANNUAL,Y,Y,Y,Y,,,,,
220 Douglas Street,Devon Properties,,,$50.00,"Victoria, BC",Jan-23,ACTIVE,62,TU3-R18,March,Y,Y,ANNUAL,Y,Y,Y,Y,Y,Y,Y,Y,Y,,,,,
2210 Cadboro Bay Road,Brown Bros.,,,$65.00,"Oak Bay, BC",Apr-24,ACTIVE,DA 0122,W2-R14,January,ANNUAL,Y,Y,Y,Y,Y,Y,Y,Y,Y,Y,Y,,,,,
2211 Shelbourne Street,South Island Property Mgmt,,,$55.00,"Victoria, BC",Nov-12,ACTIVE,"GT 1122
K2w",M1-R3,July,Y,Y,Y,Y,Y,Y,ANNUAL,Y,Y,Y,Y,Y,,,,,
2230 Cadboro Bay Road,Devon Properties,,,$50.00,"Oak Bay, BC",Jan-23,ACTIVE,156,W2-R14,May,Y,Y,Y,Y,Y,ANNUAL,Y,Y,Y,Y,Y,Y,,,,,
2233 Bowker Avenue,Devon Properties,,,$50.00,"Victoria, BC",Jan-23,ACTIVE,301,W2-R14,September,Y,Y,Y,X,Y,Y,ANNUAL,Y,Y,Y,Y,Y,,,,,
2243 Beacon Avenue,Mary Winspear Centre,,,$50.00,"Sidney, BC",Jan-23,ACTIVE,No Key,F1-R10,January,Y,ANNUAL,X,X,Y,Y,Y,Y,Y,Y,Y,Y,,,,,
225 Belleville Street,Brown Bros.,,,$125.00,"Victoria, BC",Jun-24,ACTIVE,LB 522,W3-R20,September,Y,Y,Y,Y,Y,Y,Y,Y,Y,Y,Y,ANNUAL,,,,,
2250 Oak Bay Avenue        ,Colliers,"PO Required
$55/month",,$55.00,"Victoria, BC",,ACTIVE,"E 0522
K4",TU2-R13,May,Y,Y,Y,Y,Y,ANNUAL,Y,Y,Y,Y,Y,Y,,,,,
2261 Keating Cross Road,Vancouver Island Commercial (VIC) Properties,$65/month (A),,$65.00,"Saanich, BC",Sep-19,ACTIVE,Call for access,TU2-R12,February,X,ANNUAL,Y,Y,Y,Y,Y,X,Y,Y,Y,Y,,,,,
2270 Harbour Road,Harbour Haven Marina & Self-Storage,,,$65.00,"Sidney, BC",Nov-25,ACTIVE,BH722,F2-R16,June,-,-,-,-,-,-,-,-,-,-,Y,Y,,,,,
2286 Henry Avenue,Claridge House,,,$50.00,"Sidney, BC",,ACTIVE,429,F2-R16,June,Y,Y,Y,Y,Y,Y,ANNUAL,Y,Y,Y,Y,Y,,,,,
2290 Henry Avenue,Trillium Communites,Discontinue after Dec 2025,,$60.00,"Sidney, BC",April,ACTIVE,N/A,F2-R16,February,Y,ANNUAL,Y,Y,Y,X,Y,Y,Y,Y,Y,Y,,,,,
230 Cook Street,Richmond Property Group,,,$55.00,"Victoria, BC",,ACTIVE,"Z 032
K1",TU3-R18,July,Y,Y,Y,Y,Y,Y,ANNUAL,Y,Y,Y,Y,Y,,,,,
230 Oswego Street,Dorset Realty,,,$55.00,"Victoria, BC",Jan-15,ACTIVE,"D 032
K2",M1-R2,April,Y,Y,Y,Y,ANNUAL,Y,Y,Y,Y,Y,Y,Y,,,,,
2300 Henry Avenue,Trillium Communites,Discontinue after Dec 2025,,$60.00,"Sidney, BC",April,ACTIVE,N/A,F2-R16,February,Y,ANNUAL,Y,Y,Y,Y,Y,Y,Y,Y,Y,Y,,,,,
231 Regina Avenue,Victoria Native Friendship Centre,,,$130.00,"Victoria, BC",Nov-25,ACTIVE,No keys,W2-R22,March,-,-,-,-,-,-,-,-,-,-,X,Y,,,,,
2311 Mills Road,Complete Residential,$65/month (A),,$65.00,"Sidney, BC",Aug-20,ACTIVE,BV 1132,F2-R16,March,Y,Y,ANNUAL,X,Y,Y,Y,Y,Y,Y,Y,Y,,,,,
2318 James White,Colyvan Pacific,Rate increasing from $50 - $65 on November 2025 after the completion of the Annual Inspection in October.,,$50.00,"Sidney, BC",Jan-23,ACTIVE,377,F1-R10,October,Y,Y,Y,Y,Y,Y,Y,Y,Y,ANNUAL,Y,Y,,,,,
2326 Harbour Road,Miraloma Strata Council VIS 5766 ,,,$50.00,"Sidney, BC",,ACTIVE,425,F2-R16,September,Y,Y,Y,Y,Y,Y,Y,Y,Y,Y,ANNUAL,Y,,,,,
2330 Cook Street,Devon Properties,,,$60.00,"Victoria, BC",Jan-23,ACTIVE,CK 0332,M1-R3,February,Y,Y,ANNUAL,Y,Y,Y,Y,Y,Y,Y,Y,Y,,,,,
2339 Beacon Avenue,Richmond Property Group,,,$65.00,"Sidney, BC",Sep-22,ACTIVE,BP 9332,F2-R16,September,Y,Y,Y,Y,Y,Y,Y,Y,ANNUAL,Y,Y,Y,,,,,
235 Cook Street,Pacific Quorum,,,$50.00,"Victoria, BC",,ACTIVE,411,TU3-R18,February,Y,ANNUAL,Y,Y,Y,Y,Y,Y,Y,Y,Y,Y,,,,,
235 Michigan Street,Brown Brothers Property Management,First 3 months are free,,$75.00,"Victoria, BC",Jul-25,ACTIVE,CG 532,W3-R20,January,-,-,-,-,-,-,Y,Y,Y,X,Y,Y,,,,,
2380 Brethour Avenue,Pemberton Strata,,,$50.00,"Sidney, BC",,ACTIVE,434,F1-R10,October,Y,Y,Y,Y,Y,Y,Y,Y,Y,ANNUAL,Y,Y,,,,,
2390 City Gate Boulevard,High Street,,,$75.00,"Langford, BC",Nov-25,ACTIVE,YC 932,TU1-R5,-,-,-,-,-,-,-,-,-,-,-,Y,Y,,,,,
240 Douglas Street,Devon Properties,,,$50.00,"Victoria, BC",Jan-23,ACTIVE,63,TU3-R18,March,Y,Y,ANNUAL,Y,Y,Y,Y,Y,Y,Y,Y,Y,,,,,
2421 Sidney Avenue,Complete Residential,,,$50.00,"Sidney, BC",May-23,ACTIVE,416,F1-R10,January,Y,ANNUAL,Y,Y,Y,Y,Y,Y,Y,Y,Y,Y,,,,,
2427 Amherst Avenue,Colyvan Pacific,,,$65.00,"Sidney, BC",Sep-23,ACTIVE,HS 7242,F2-R16,September,Y,Y,Y,Y,Y,Y,Y,Y,Y,ANNUAL,Y,Y,,,,,
2433 Malaview Avenue,Starlight Properties,"Was cancelled, re-engaged Dec/23",,$60.00,"Sidney, BC",Dec-23,ACTIVE,VW 3342,F2-R16,July,Y,Y,Y,Y,Y,Y,Y,ANNUAL,Y,Y,Y,Y,,,,,
2440 Oakville Avenue,Colyvan Pacific,,,$65.00,"Sidney, BC",Jun-20,ACTIVE,IL 0442,F2-R16,July,Y,Y,Y,Y,Y,Y,ANNUAL,Y,X,Y,Y,Y,,,,,
2447 Henry Avenue,Converge Condo Management ,,,$50.00,"Sidney, BC",Jan-23,ACTIVE,359,F1-R10,December,Y,Y,Y,Y,Y,Y,Y,Y,Y,Y,Y,Y,,,,,
2471 Sidney Avenue,Devon Properties,,,$50.00,"Sidney, BC",Mar-23,ACTIVE,444,F1-R10,July,Y,Y,Y,Y,Y,Y,ANNUAL,Y,Y,Y,Y,Y,,,,,
247-271 Cook Street,Devon properties,Moved to R2 in August 2025 (was R18),,$50.00,"Victoria, BC",,ACTIVE,407,M1-R2,February,Y,Y,ANNUAL,Y,Y,Y,Y,Y,Y,Y,Y,Y,,,,,
2476 Mt. Newton Cross Road,Quality Inn,$65/month (A),,$65.00,"Saanichton, BC",Jan-21,ACTIVE,ON SITE,TU2-R12,May,Y,Y,X,Y,ANNUAL,Y,Y,Y,Y,Y,Y,Y,,,,,
2490 Bevan Avenue,Ocean Court,,,$50.00,"Sidney, BC",,ACTIVE,391,F2-R16,July,Y,Y,Y,Y,Y,ANNUAL,Y,Y,X,Y,Y,Y,,,,,
250 Oswego Street,Starlight Properties c/o Devon Properties Ltd.,,,$55.00,"Victoria, BC",Mar-25,ACTIVE,WG 052,W3-R20,September,-,-,Y,ANNUAL,Y,Y,Y,Y,Y,Y,Y,Y,,,,,
2511 Quadra Street,Complete Residential,,,$60.00,"Victoria, BC",Feb-24,ACTIVE,AQ 1152,M1-R3,July,Y,Y,Y,Y,Y,Y,ANNUAL,Y,Y,Y,Y,Y,,,,,
2512 Douglas Street,Capital West,,,$60.00,"Victoria, BC",Jun-23,ACTIVE,DS 2152,TU3-R19,March,Y,Y,ANNUAL,Y,Y,Y,Y,Y,Y,Y,Y,Y,,,,,
2530 Mt Newton Cross Road,Starlight/Devon,,,$50.00,"Saanichton, BC",,ACTIVE,CH 0487,TU2-R12,October,Y,Y,X,Y,Y,Y,Y,Y,Y,Y,ANNUAL,Y,,,,,
2545 Oakville Avenue,Strata 1952,,,$50.00,"Sidney, BC",Jan-23,ACTIVE,No Key,F2-R16,June,Y,Y,Y,Y,Y,ANNUAL,Y,Y,Y,Y,Y,Y,,,,,
2549 Dowler Place,Century 21 Queenswood,,,$50.00,"Victoria, BC",Jan-23,ACTIVE,35,M1-R3,March,Y,Y,Y,ANNUAL,Y,Y,Y,Y,Y,Y,Y,Y,,,,,
2550 Bevan Avenue,Pemberton Holmes - Strata (Sidney),Graham Wright - 250 885 4917 (monitoring),,$55.00,"Sidney, BC",Feb-25,ACTIVE,VB 0552,F2-R16,April,-,Y,Y,ANNUAL,Y,Y,Y,Y,Y,Y,Y,Y,,,,,
2565 Beach Drive,Starlight/Devon,,,$50.00,"Oak Bay, BC",Jan-23,ACTIVE,98,W2-R14,April,Y,Y,Y,ANNUAL,Y,Y,Y,Y,Y,Y,Y,Y,,,,,
2580 Cadboro Bay,Strata Plan 4934,,,$65.00,"Victoria, BC",Mar-25,ACTIVE,BD 0852,W2-R14,March,-,-,ANNUAL,Y,Y,Y,Y,Y,Y,Y,Y,Y,,,,,
260 Michigan Street,Starlight/Devon,,,$50.00,"Victoria, BC",Jan-23,ACTIVE,73,W3-R20,July,Y,Y,Y,Y,Y,Y,ANNUAL,Y,Y,Y,Y,Y,,,,,
2605 Windsor Road,South Island Property Mgmt,,,$55.00,"Oak Bay, BC",Jun-20,ACTIVE,"WS 5062
K3",TU2-R13,June,-,Y,Y,Y,Y,Y,Y,ANNUAL,Y,Y,Y,Y,,,,,
2608 Prior Street,South Island Prop. ,,,$50.00,"Victoria, BC",Jan-23,ACTIVE,47,W1-R6,December,Y,Y,Y,Y,Y,Y,Y,Y,Y,Y,Y,ANNUAL,,,,,
2610 Graham Street,"Graham Manor
c/o Raven Property",,,$50.00,"Victoria, BC",Jan-23,ACTIVE,26,W1-R6,October,Y,Y,Y,Y,Y,Y,Y,Y,X,ANNUAL,Y,Y,,,,,
2626 Blackwood Street,Firm Management,,,$55.00,"Victoria, BC",Dec-15,ACTIVE,BC 6262,W1-R6,December,X,ANNUAL,Y,Y,Y,Y,Y,Y,Y,Y,Y,Y,,,,,
2630 Cook Street,Devon Properties,Cancelled before start tests in April 2025,,$55.00,"Victoria, BC",Apr-25,CANCELLED,KC 0362,-,July,-,-,-,-,-,-,-,-,-,-,-,-,,,,,
2631 Prior Street,Strata Plan #787,,,$55.00,"Victoria, BC",Jan-20,ACTIVE,KT 1362,W1-R6,June,Y,Y,Y,Y,Y,ANNUAL,Y,Y,Y,Y,Y,Y,,,,,
2644 Prior Street,Belmont Properties,"Months on invoices
$55 after June 2025",,$55.00,"Victoria, BC",Apr-23,ACTIVE,456,W1-R6,October,Y,Y,Y,Y,Y,Y,Y,Y,Y,ANNUAL,Y,Y,,,,,
2646 Cook Street,Devon Properties,Cancelled before start tests in April 2025,,$55.00,"Victoria, BC",Apr-25,CANCELLED,KC 6462,-,December,-,-,-,-,-,-,-,-,-,-,-,-,,,,,
2647 Graham Street,Complete Residential,,,$55.00,"Victoria, BC",Nov-17,ACTIVE,QR 7462,W1-R6,May,Y,Y,Y,Y,ANNUAL,Y,Y,Y,Y,Y,Y,Y,,,,,
2648 Graham Street,Starlight/Devon,,,$50.00,"Victoria, BC",Jan-23,ACTIVE,342,W1-R6,May,Y,Y,Y,Y,Y,Y,Y,Y,ANNUAL,Y,Y,Y,,,,,
268 Superior Street,Hadden Investments,CHARGE CC IN QB,,$50.00,"Victoria, BC",,ACTIVE,201,W3-R20,September,Y,Y,Y,Y,Y,Y,Y,Y,Y,Y,ANNUAL,Y,,,,,
2680 Blanshard Street,Groupe Denux,,,$50.00,"Victoria, BC",,CANCELLED,431,-,February,Y,X,Y,-,-,-,-,-,-,-,-,-,,,,,
2680 Prior Street,Century 21 Queenswood,,,$60.00,"Victoria, BC",,ACTIVE,168,M1-R1,June,Y,Y,Y,X,Y,ANNUAL,Y,Y,Y,Y,Y,Y,,,,,
2705 Cook Street,Devon Properties,,,$50.00,"Victoria, BC",Jan-23,ACTIVE,372,W1-R6,March,Y,Y,Y,ANNUAL,Y,Y,Y,Y,Y,Y,Y,Y,,,,,
2718 Strathmore Road,Pemberton Holmes,,,$65.00,"Langford, BC",Nov-24,ACTIVE,S 8172,TU1-R5,October,Y,Y,Y,Y,Y,Y,Y,Y,Y,ANNUAL,Y,Y,,,,,
2720 Mill Bay Road,Thrifty Foods,Quoted $375 per month - May 2021 (sd')  Invoice monthly,,$375.00,"Mill Bay, BC",May-21,ACTIVE,No Key,M2-R11,April,Y,Y,Y,ANNUAL,Y,Y,Y,Y,Y,Y,Y,Y,,,,,
2747 Quadra Street,Colyvan Pacific,,,$55.00,"Victoria, BC",May-24,ACTIVE,DQ 7472,W1-R6,February,Y,ANNUAL,Y,Y,Y,Y,Y,Y,Y,Y,Y,Y,,,,,
2749 Jacklin Road,Proline Property Management Ltd.,,,$75.00,"Langford, BC",Aug-25,ACTIVE,KJ 9472,TU1-R5,October,-,-,-,-,-,-,-,Y,Y,ANNUAL,Y,Y,,,,,
275 Burnside Road W,Starlight Properties c/o Devon Properties,,,$60.00,"Victoria, BC",Dec-23,ACTIVE,CM 5813,W2-R22,March,Y,Y,Y,Y,ANNUAL,Y,Y,Y,Y,Y,X,Y,,,,,
2751 Shelbourne Street,Devon Properties,,,$50.00,"Victoria, BC",Jan-23,ACTIVE,151,W1-R6,November,Y,Y,X,Y,Y,Y,Y,Y,Y,Y,Y,ANNUAL,,,,,
2771 Jacklin Road,Groupe Denux,,,$50.00,"Langford, BC",,ACTIVE,418,TU1-R5,January,Y,ANNUAL,Y,Y,Y,Y,Y,Y,Y,Y,Y,Y,,,,,
2785 Quadra Street,Pacific Cove Property Management Ltd.,,,$75.00,"Victoria, BC",Jul-25,ACTIVE,DQ 5872,W1-R6,September,-,-,-,-,-,-,Y,Y,ANNUAL,Y,Y,Y,,,,,
2790 Cedar Hill Road,Century 21 Queenswood,,,$50.00,"Victoria, BC",Jan-23,ACTIVE,176,W1-R6,June,X,X,Y,X,ANNUAL,X,X,X,Y,Y,Y,Y,,,,,
280 Douglas Street,Oakwood Property ,,,$55.00,"Victoria, BC",,ACTIVE,"T 082
K3",TU3-R18,February,Y,Y,Y,Y,ANNUAL,Y,Y,Y,Y,Y,Y,Y,,,,,
2821 Quesnel Street,Colyvan Pacific,,,$65.00,"Victoria, BC",May-24,ACTIVE,QU 1282,TU3-R19,September,Y,Y,Y,Y,Y,Y,Y,Y,Y,Y,Y,Y,,,,,
283 Michigan Street,Starlight/Devon,"Credit from QB $173.25. Apply to Q4 2025   $55/month
PO Required",,$55.00,"Victoria, BC",Nov-22,ACTIVE,"VA 382
K3-F1",W3-R20,September,Y,Y,Y,Y,Y,Y,Y,ANNUAL,Y,Y,Y,Y,,,,,
2830 Peatt Road,Boardwalk General Partnership,,,$125.00,"Langford, BC",Jan-23,ACTIVE,TP 0382,TU1-R5,July,Y,Y,Y,Y,Y,Y,ANNUAL,Y,Y,Y,Y,Y,,,,,
2840 Nanaimo Street,Devon,,,$50.00,"Victoria, BC",,ACTIVE,58,TU3-R19,July,Y,Y,Y,Y,Y,ANNUAL,Y,Y,Y,Y,Y,Y,,,,,
2840 Peatt Road,Cornerstone,,,$50.00,"Langford, BC",,ACTIVE,"433
F-1",TU1-R5,July,Y,Y,Y,Y,Y,Y,ANNUAL,Y,Y,Y,Y,Y,,,,,
2849 Bryn Maur Road,Centurion Property Associates,Month on invoice,,$55.00,"Langford, BC",Jan-23,ACTIVE,No Key,TU1-R5,September,X,Y,Y,X,Y,Y,Y,Y,ANNUAL,Y,Y,Y,,,,,
2854 Peatt Road,Centurion Properties,Month on invoice,,$55.00,"Langford, BC",Jan-23,ACTIVE,331,TU1-R5,September,Y,Y,Y,Y,Y,Y,Y,Y,ANNUAL,X,Y,Y,,,,,
2861 Quadra Street,Pacific Cove Property Management Ltd.,Price change approved in July 2025,,$210.00,"Victoria, BC",Jul-25,ACTIVE,DQ 1682,W1-R6,August,-,-,-,-,-,-,Y,Y,Y,Y,Y,Y,,,,,
2915 Douglas Street,PHS,,,$55.00,"Victoria, BC",Jul-22,ACTIVE,No Key,TU3-R19,June,Y,Y,Y,Y,Y,ANNUAL,Y,Y,Y,Y,Y,Y,,,,,
2931 Qu'Appelle Street,Castera Properties,,,$55.00,"Victoria, BC",Oct-24,ACTIVE,Q 1392,W2-R22,August,Y,Y,Y,Y,Y,Y,Y,ANNUAL,Y,Y,X,Y,,,,,
2947 Qu'Appelle Street,Castera Properties,,,$55.00,"Victoria, BC",Oct-24,ACTIVE,Q 1392,W2-R22,August,Y,Y,Y,Y,Y,Y,Y,ANNUAL,Y,Y,X,Y,,,,,
2994 Douglas Street,BCGEU,"Increase to $65 after June 2025 
PO Required",,$65.00,"Victoria, BC",Jul-17,ACTIVE,KEY AT SITE,TU3-R19,August,Y,Y,Y,Y,Y,Y,Y,ANNUAL,Y,Y,Y,Y,,,,,
3005 Cook Street,Kiwanis Village Society,,,$65.00,"Victoria, BC",Feb-25,ACTIVE,CK 5003,W1-R6,January,ANNUAL,Y,Y,Y,Y,Y,Y,Y,Y,Y,Y,Y,,,,,
3008-3010 Washington Avenue,Proline,,,$55.00,"Victoria, BC",,ACTIVE,CD 8003,W2-R22,March,Y,Y,ANNUAL,Y,Y,Y,Y,Y,Y,Y,X,Y,,,,,
3011 Merchant Way,Thrifty Foods,"Invoice Monthly starting Apr. 1/21 @ $275 (no TC06)  
Inv.23884 - Mar.31/21 @ $65 + TC07",,$275.00,"Langford, BC",21-Jan,ACTIVE,No Key,M3-R17,June,Y,Y,Y,Y,Y,ANNUAL,Y,Y,Y,Y,Y,Y,,,,,
3033 Cook Street,Kiwanis Village Society,,,$65.00,"Victoria, BC",December,ACTIVE,OC3303,W1-R6,February,Y,Y & ANNUAL,Y,Y,Y,Y,Y,Y,Y,Y,Y,Y,,,,,
3035 Cook Street,Kiwanis Village Society,,,$65.00,"Victoria, BC",December,ACTIVE,OC5303,W1-R6,April,Y,Y,Y,Y,Y & ANNUAL,Y,Y,Y,Y,Y,Y,Y,,,,,
3045 Douglas Street                    ,Richmond Property Group,,,$55.00,"Victoria, BC",,ACTIVE,GH 5403,TU3-R19,October,ANNUAL,Y,Y,Y,Y,Y,Y,Y,Y,Y,Y,Y,,,,,
31 Bastion Square,Colliers,,,$70.00,"Victoria, BC",May-23,ACTIVE,"BQ 13
[K1]",M2-R11,October,Y,Y,Y,X,Y,Y,Y,Y,Y,ANNUAL,Y,Y,,,,,
314 Cook Street,Pacific Quorum,,,$50.00,"Victoria, BC",Jan-23,ACTIVE,121,TU3-R18,September,Y,Y,Y,Y,Y,Y,Y,Y,ANNUAL,Y,Y,Y,,,,,
3157 Tillicum Road,Firm Management,,,$65.00,"Victoria, BC",Sep-24,ACTIVE,AT 7506,W2-R22,September,Y,Y,Y,Y,Y,X,Y,Y,ANNUAL,Y,X,Y,,,,,
3159 Shelbourne Street,Brown Bros.,,,$55.00,"Saanich, BC",,ACTIVE,438,W1-R6,December,Y,Y,Y,Y,Y,Y,Y,Y,Y,Y,Y,Y,,,,,
3160 Albina Street,Firm Management,,,$65.00,"Victoria, BC",Sep-24,ACTIVE,AT 7506,W2-R22,September,Y,Y,Y,Y,Y,X,Y,Y,ANNUAL,Y,X,Y,,,,,
3185 Tillicum Road,Starlight Properties c/o Devon Properties,,,$60.00,"Victoria, BC",Dec-23,ACTIVE,CM 5813,W2-R22,March,Y,Y,Y,Y,ANNUAL,X,Y,Y,Y,Y,X,Y,,,,,
3187 Shelbourne Street,Devon,,,$50.00,"Saanich, BC",Jan-23,ACTIVE,437,W1-R6,February,Y,Y,ANNUAL,Y,Y,Y,Y,Y,Y,Y,Y,Y,,,,,
3221 Cedar Hill Cross Road,Beacon Community Services,,,$55.00,"Saanich, BC",Jan-20,ACTIVE,IB 1223,TH2-R23,October,Y,Y,Y,Y,Y,X,X,Y,ANNUAL,Y,Y,Y,,,,,
3226 Alder Street,Pacifica Housing,,,$65.00,"Saanich, BC",Aug-24,ACTIVE,A 6223,TU3-R19,June,Y,Y,Y,Y,X,ANNUAL,Y,Y,Y,Y,Y,Y,,,,,
323 Michigan Street,Devon Properties,,,$70.00,"Victoria, BC",Jul-23,ACTIVE,"MG 323
[K2]",W3-R20,March,Y,Y,ANNUAL,Y,Y,Y,Y,Y,Y,Y,Y,Y,,,,,
3255 Quadra Street,Devon Properties,,,$70.00,"Victoria, BC",Sep-23,ACTIVE,RA 5523,TU3-R19,August,Y,Y,Y,Y,Y,Y,ANNUAL,Y,Y,Y,Y,Y,,,,,
3277 Glasgow Avenue,South Island Property Management,,,$60.00,"Saanich, BC",Oct-24,ACTIVE,"G 7723
K5lrg+7sm",TU3-R19,September,Y,X,Y,Y,X,X,Y,Y,ANNUAL,Y,Y,Y,,,,,
328-454 Burnside Road W & 3528-3628 Tillicum Road,Pemberton Holmes (new July 31/22),"$195/month
7 FA Panels",,$195.00,"Victoria, BC",Nov-21,ACTIVE,"PP 823
K7",M2-R11,August,Y,Y,Y,X,Y,Y,Y,ANNUAL,Y,Y,Y,Y,,,,,
331/333 Robert Street,Hutton,,,$50.00,"Victoria, BC",Jan-23,ACTIVE,75,W1-R7,December,Y,Y,Y,Y,Y,Y,Y,Y,Y,Y,Y,X,,,,,
3319A Painter Road,Pemberton Holmes,Previously R5 - changed November 2025,,$50.00,"Langford, BC",Jan-23,ACTIVE,333,W2-R22,November,Y,Y,Y,Y,Y,Y,Y,Y,Y,Y,ANNUAL,Y,,,,,
3319B Painter Road,Pemberton Holmes,Previously R5 - changed November 2025,,$50.00,"Langford, BC",Jan-23,ACTIVE,334,W2-R22,November,Y,Y,Y,Y,Y,Y,Y,Y,Y,Y,ANNUAL,Y,,,,,
335 St. James Street,Devon Properties,,,$50.00,"Victoria, BC",Jan-23,ACTIVE,CM 733,W3-R20,July,Y,Y,Y,Y,Y,Y,Y,ANNUAL,X,Y,Y,Y,,,,,
337 St. James Street,Devon Properties,,,$50.00,"Victoria, BC",Jan-23,ACTIVE,CM 733,W3-R20,July,Y,Y,Y,Y,Y,Y,Y,ANNUAL,Y,Y,Y,Y,,,,,
3381 Whittier Avenue,Centurion Properties,Month on invoice,,$55.00,"Saanich, BC",Jan-23,ACTIVE,352,TU3-R19,May,Y,Y,Y,Y,ANNUAL,Y,Y,Y,Y,Y,Y,Y,,,,,
3400 Davidson Avenue         ,Colliers,"PO Required
$55/month",,$55.00,"Victoria, BC",,ACTIVE,RS 0043,TU3-R19,September,Y,Y,Y,Y,Y,Y,ANNUAL,Y,Y,Y,Y,Y,,,,,
341 Latoria Boulevard,Devon Properties,Previously R5 - changed November 2025,,$65.00,"Colwood, BC",Jul-24,ACTIVE,AL 143,W2-R22,April,Y,Y,Y,Y,Y,ANNUAL,Y,Y,Y,Y,Y,X,,,,,
343 Simcoe Street,Brown Brothers Property Management,,,$50.00,"Victoria, BC",Jan-23,ACTIVE,67,W3-R20,August,Y,Y,Y,Y,Y,Y,Y,Y,Y,ANNUAL,Y,Y,,,,,
344 Goldstream Avenue,Pemberton Holmes,Change to R17 in August 2025 (previously R5),,$55.00,"Langford, BC",Dec-24,ACTIVE,SG 443,M3-R17,August,X,Y,Y,Y,Y,Y,Y,Y,Y,Y,Y,Y,,,,,
345 Latoria Boulevard,Warrington PCI Managment,Previously R5 - changed November 2025,,$65.00,"Langford, BC",Jun-24,ACTIVE,BL 547,W2-R22,May,Y,Y,Y,Y,Y,Y,Y,ANNUAL,Y,Y,Y,X,,,,,
345 Latoria Boulevard,Warrington PCI Managment,Previously R5 - changed November 2025,,$65.00,"Langford, BC",Jun-24,ACTIVE,BL 547,W2-R22,May,Y,Y,Y,Y,Y,Y,Y,ANNUAL,Y,Y,Y,X,,,,,
345 Latoria Boulevard,Warrington PCI Managment,Previously R5 - changed November 2025,,$65.00,"Langford, BC",Jun-24,ACTIVE,BL 547,W2-R22,May,Y,Y,Y,Y,Y,Y,Y,ANNUAL,Y,Y,Y,X,,,,,
345 Latoria Boulevard,Warrington PCI Managment,Previously R5 - changed November 2025,,$65.00,"Langford, BC",Jun-24,ACTIVE,BL 547,W2-R22,May,Y,Y,Y,Y,Y,Y,Y,ANNUAL,Y,Y,Y,X,,,,,
3475 Quadra Street,Thrifty Foods,"Invoice Monthly starting Apr. 1/21 @ $275 (no TC06)  
Inv.23885 - Mar.31/21 @ $55 + TC06",,$275.00,"Victoria, BC",20-Dec,ACTIVE,No Key,M3-R17,September,Y,Y,Y,Y,Y,Y,Y,Y,ANNUAL,Y,Y,Y,,,,,
349 Cook Street,AQP Property Management (was Burr),MBT only - Annual done by others,,$50.00,"Victoria, BC",Jan-23,ACTIVE,123,TU3-R18,June,Y,Y,Y,Y,Y,Y,Y,Y,Y,Y,Y,Y,,,,,
350 Douglas Street,Starlight/Devon,,,$50.00,"Victoria, BC",,ACTIVE,442,TU3-R18,December,Y,Y,Y,Y,Y,Y,Y,Y,Y,Y,Y,ANNUAL,,,,,
360 Dallas Road,Complete Residenial Property Management,,,$60.00,"Victoria, BC",Sep-24,ACTIVE,SL 063,W3-R20,June,Y,Y,Y,Y,Y,ANNUAL,Y,Y,Y,Y,Y,Y,,,,,
360 Douglas Street,Starlight/Devon,,,$50.00,"Victoria, BC",,ACTIVE,442,TU3-R18,December,Y,Y,Y,Y,Y,Y,Y,Y,Y,Y,Y,ANNUAL,,,,,
360 Gorge Road E,Pacifica Housing,,,$65.00,"Victoria, BC",Aug-24,CANCELLED,G 063,-,,-,-,-,-,-,-,-,-,-,-,-,-,,,,,
"3610 + 3614 Richmond Road &
1696 Pear Street ",Firm Management,,,$55.00,"Victoria, BC",20-May,ACTIVE,RG 0163,TH2-R23,May,Y,Y,Y,Y,Y,ANNUAL,Y,Y,X,Y,Y,Y,,,,,
364 Moss Street,Gibraltar Management Ltd.,,,$65.00,"Victoria, BC",Nov-23,ACTIVE,OS 463,TU2-R13,July,Y,Y,Y,Y,Y,ANNUAL,X,Y,Y,Y,Y,Y,,,,,
3724 Harriet Road,Proline Property Management Ltd.,,,$75.00,"Victoria, BC",Aug-25,ACTIVE,RH 4273,TU3-R19,April,-,-,-,-,-,-,-,Y,Y,Y,Y,Y,,,,,
3861 Shelbourne Street,Century 21 Queenswood,,,$50.00,"Saanich, BC",Jan-23,ACTIVE,172,TH2-R23,August,Y,Y,Y,Y,Y,X,ANNUAL,X,Y,Y,Y,Y,,,,,
3880 Shelbourne Street,Complete Residential,,,$55.00,"Saanich, BC",Jun-16,ACTIVE,TC 0883,TH2-R23,May,Y,Y,Y,Y,ANNUAL,X,Y,X,Y,Y,Y,Y,,,,,
3905 Quadra Street,Brown Bros.,,,$50.00,"Victoria, BC",,ACTIVE,402 (only key in R17 bag),M3-R17,November,Y,Y,Y,Y,Y,Y,Y,Y,Y,Y,Y,ANNUAL,,,,,
3914 Shelbourne Street,Devon Properties,,,$55.00,"Victoria, BC",Dec-23,ACTIVE,SB 4193,TH2-R23,September,Y,Y,Y,Y,Y,Y,Y,Y,Y,ANNUAL,Y,Y,,,,,
3915 Carey Road,Firm Management,$65/month (A),,$65.00,"Saanich, BC",Jun-21,ACTIVE,"C 5193
K2",M2-R11,August,Y,Y,Y,X,Y,Y,Y,Y,Y,Y,Y,ANNUAL,,,,,
3949 Shelbourne Street,"HS Canada 3949 Shelbourne Street, L.P",,,$70.00,"Saanich, BC",Aug-23,ACTIVE,MS 9493,TH2-R23,December,Y,Y,ANNUAL,Y,Y,Y,Y,Y,Y,Y,Y,Y,,,,,
3958 Cedar Hill Road,Firm Management,,,$50.00,"Saanich, BC",Dec-23,ACTIVE,HD 8593,TH2-R23,January,Y, ANNUAL,Y,Y,Y,Y,Y,Y,Y,Y,Y,Y,,,,,
3962 Cedar Hill Road,Firm Management,,,$50.00,"Saanich, BC",Dec-23,ACTIVE,HD 8593,TH2-R23,January,ANNUAL,Y,Y,Y,Y,Y,Y,Y,Y,Y,Y,Y,,,,,
4026 Quadra Street,Starlight/Devon,,,$55.00,"Victoria, BC",Dec-24,ACTIVE,DQ 6204,W1-R6,July,Y,Y,Y,Y,Y,X,ANNUAL,Y,Y,Y,Y,Y,,,,,
4030 Shelbourne Street,Pemberton Holmes Ltd.,,,$75.00,"Victoria, BC",Jun-25,ACTIVE,HS 0304,TH2-R23,May,-,-,-,-,-,Y,X,X,X,Y,Y,Y,,,,,
4036 Quadra Street,Devon Properties,,,$55.00,"Victoria, BC",Nov-24,ACTIVE,DQ 6304,W1-R6,May,Y,Y,Y,Y,ANNUAL,X,X,X,Y,Y,Y,Y,,,,,
4038 Quadra Street,Devon Properties,,,$55.00,"Victoria, BC",Nov-24,ACTIVE,DQ 6304,W1-R6,May,Y,Y,Y,Y,ANNUAL,X,X,X,Y,Y,Y,Y,,,,,
404 Dundas Street,Devon Properties,,,$50.00,"Victoria, BC",Jan-23,ACTIVE,145,W1-R7,June,Y,Y,Y,Y,Y,Y,ANNUAL,Y,Y,Y,Y,X,,,,,
404 Linden Avenue,Steve Calder,,,$65.00,"Victoria, BC",Feb-24,ACTIVE,ND 404,TU2-R13,June,Y,Y,Y,Y,Y,ANNUAL,Y,Y,Y,Y,Y,Y,,,,,
410 Garbally Road                                         ,Richmond Property Group,,,$55.00,"Victoria, BC",Jan-16,ACTIVE,EF 014,TU3-R19,June,X,Y,Y,Y,Y,Y,ANNUAL,Y,Y,Y,Y,Y,,,,,
4144 Wilkinson Road,Colliers,"PO Required
$55/month",,$55.00,"Saanich, BC",Dec-20,ACTIVE,WP 4414,M2-R11,November,Y,Y,Y,X,Y,Y,Y,Y,Y,Y,ANNUAL,Y,,,,,
415 Dunedin Avenue,Richmond Property Group,,,$55.00,"Victoria, BC",Jan-16,ACTIVE,EF 014,TU3-R19,June,X,Y,Y,X,Y,Y,ANNUAL,Y,Y,Y,Y,Y,,,,,
415 Linden Avenue,Gibraltar Management Ltd.,,,$55.00,"Victoria, BC",,ACTIVE,"R 514
K2",M1-R2,November,Y,ANNUAL,Y,Y,Y,Y,Y,Y,Y,Y,Y,Y,,,,,
415 Michigan Street,Starlight/Devon,"$55/month 
PO 700000",,$55.00,"Victoria, BC",Dec-15,ACTIVE,"U 514
K3",W3-R20,September,Y,Y,Y,Y,Y,Y,Y,ANNUAL,Y,Y,Y,Y,,,,,
420 Catherine Street,Pemberton Holmes,,,$50.00,"Victoria, BC",Jan-23,ACTIVE,104,W1-R7,February,Y,Y,ANNUAL,Y,Y,Y,X,Y,Y,Y,Y,X,,,,,
420 Parry Street,Firm Management,Cancelled on June 2025 - R20,,$55.00,"Victoria, BC",,CANCELLED,"ET 024
K1-F1",-,October,Y,Y,Y,Y,Y,-,-,-,-,-,-,-,,,,,
421 Vancouver Street,Bross Holdings,,,$55.00,"Victoria, BC",Feb-25,ACTIVE,VV 124,TU3-R18,June,X,Y,Y,Y,Y,ANNUAL,Y,Y,Y,Y,Y,Y,,,,,
423 Superior Street,Pacific Quorum,,,$50.00,"Victoria, BC",,ACTIVE,119,M1-R2,March,Y,Y,Y,Y,Y,Y,ANNUAL,Y,Y,Y,Y,Y,,,,,
4230 Commerce Circle,Newport Property management,NEW Jan/24,,$65.00,"Victoria, BC",02-Jan,ACTIVE,NO KEYS,TU1-R4,July,Y,Y,Y,Y,Y,Y & ANNUAL,Y,Y,Y,Y,Y,Y,,,,,
425 Michigan Street ,Starlight Properties c/o Devon Properties Ltd.,,,$65.00,"Victoria, BC",Jun-25,ACTIVE,CG 524,W3-R20,October,-,-,-,-,-,Y,Y,Y,Y,ANNUAL,Y,Y,,,,,
425 Wilson Street,Century 21 Queenswood,,,$50.00,"Victoria, BC",Jan-23,ACTIVE,169,W1-R7,September,Y,X,Y,Y,Y,Y,Y,ANNUAL,Y,Y,Y,X,,,,,
429 Linden Avenue,Gibraltar now Colyvan Pacific,,,$50.00,"Victoria, BC",Jan-23,ACTIVE,61,TU2-R13,April,Y,Y,Y,Y,ANNUAL,Y,Y,Y,Y,Y,Y,Y,,,,,
435 Michigan Street,Starlight/Devon,,,$55.00,"Victoria, BC",Dec-15,ACTIVE,"V 534
K2",W3-R20,July,Y,Y,Y,Y,Y,Y,ANNUAL,Y,Y,Y,Y,Y,,,,,
4398 W. Saanich Rd,Devon Properties,,,$50.00,"Saanich, BC",Jan-23,ACTIVE,370,TU1-R4,September,Y,Y,Y,Y,Y,Y,Y,Y,Y,Y,ANNUAL,Y,,,,,
440 Parry Street,Oakwood Properties,,,$55.00,"Victoria, BC",Apr-23,ACTIVE,RS 044,W3-R20,April,Y,Y,Y,ANNUAL,Y,Y,Y,Y,Y,Y,Y,Y,,,,,
4420 Chatterton Way,Colliers,"PO Required
$55/month. Panel replaced in June 25. 3 free months after June 2025",,$55.00,"Saanich, BC",Jun-19,ACTIVE,CW 0244,TU1-R4,April,Y,Y,Y,ANNUAL,Y,Y,Y,X,Y,Y,Y,Y,,,,,
4420 West Saanich Road,IIBG DBA COUNTRY GROCER [4420 WEST SAANICH],,,$55.00,"Saanich, BC",May-20,ACTIVE,No Key,TU1-R4,April,Y,Y,Y,ANNUAL,Y,Y,Y,Y,Y,Y,Y,Y,,,,,
4480 Chatterton Way,Cornerstone,$175/mth total for 5 building. 1/5,,$35.00,"Saanich, BC",Mar-21,ACTIVE,"BT 4944
[K7]",TU1-R4,November,Y,Y,Y,Y,Y,Y,Y,Y,Y,Y,ANNUAL,Y,,,,,
4484 Chatterton Way,Cornerstone,$175/mth total for 5 building. 2/5,,$35.00,"Saanich, BC",Mar-21,ACTIVE,"BT 4944
[K7]",TU1-R4,November,Y,Y,Y,Y,Y,Y,Y,Y,Y,Y,ANNUAL,Y,,,,,
4488 Chatterton Way,Cornerstone,$175/mth total for 5 building. 3/5,,$35.00,"Saanich, BC",Mar-21,ACTIVE,"BT 4944
[K7]",TU1-R4,November,Y,Y,Y,Y,Y,Y,Y,Y,Y,Y,ANNUAL,Y,,,,,
4490 Chatterton Way,Cornerstone,$175/mth total for 5 building. 4/5,,$35.00,"Saanich, BC",Mar-21,ACTIVE,"BT 4944
[K7]",TU1-R4,November,Y,Y,Y,Y,Y,Y,Y,X,Y,Y,ANNUAL,Y,,,,,
4494  Chatterton Way,Cornerstone,$175/mth total for 5 building. 5/5,,$35.00,"Saanich, BC",Mar-21,ACTIVE,"BT 4944
[K7]",TU1-R4,November,Y,Y,Y,Y,Y,Y,Y,Y,Y,Y,ANNUAL,Y,,,,,
465 Niagara Street,Devon Properties,,,$50.00,"Victoria, BC",,ACTIVE,120,M1-R2,February,Y,Y,ANNUAL,Y,Y,Y,Y,Y,Y,Y,Y,Y,,,,,
4678 Elk Lake Drive,Complete Residential,Building A,,$55.00,"Saanich, BC",24-Jan,ACTIVE,KL 8764,TU2-R12,November,Y,Y,Y,Y,Y,Y,Y,Y,Y,Y,ANNUAL,Y,,,,,
4678 Elk Lake Drive,Complete Residential,Building B,,$55.00,"Saanich, BC",24-Jan,ACTIVE,KL 8764,TU2-R12,November,Y,Y,Y,Y,Y,Y,Y,Y,Y,Y,ANNUAL,Y,,,,,
4678 Elk Lake Drive,Complete Residential,Building C,,$55.00,"Saanich, BC",24-Jan,ACTIVE,KL 8764,TU2-R12,November,Y,Y,Y,Y,Y,Y,Y,Y,Y,Y,ANNUAL,Y,,,,,
4678 Elk Lake Drive,Complete Residential,Building D,,$55.00,"Saanich, BC",24-Jan,ACTIVE,KL 8764,TU2-R12,November,Y,Y,Y,Y,Y,Y,Y,Y,Y,Y,ANNUAL,Y,,,,,
4678 Elk Lake Drive,Complete Residential,Building E,,$55.00,"Saanich, BC",24-Jan,ACTIVE,KL 8764,TU2-R12,November,Y,Y,Y,Y,Y,Y,Y,Y,Y,Y,ANNUAL,Y,,,,,
470 Belleville Street,Equitex Realty Ltd.,,,$55.00,"Victoria, BC",Nov-12,ACTIVE,"TB 074
K3",W3-R20,July,X,X,X,X,Y,Y,Y,Y,Y,X,Y,Y,,,,,
493 Burnside Road East,Devon Properties,,,$55.00,"Victoria, BC",Apr-25,ACTIVE,SB 394,TU3-R19,January,-,-,-,Y,Y,Y,Y,Y,Y,Y,Y,Y,,,,,
500 Fort Street,The Keg (Says Crest on ST),,,$55.00,"Victoria, BC",-,ACTIVE,-,TH2-R15,June,X,X,X,Y,Y,ANNUAL,Y,Y,Y,Y,Y,Y,,,,,
500 Rithet Street,Belmont Properties,Months on invoices ,,$60.00,"Victoria, BC",Apr-23,ACTIVE,"443 
(Ring 3) ",W3-R20,January,Y,Y,Y,Y,Y,Y,Y,Y,Y,Y,Y,ANNUAL,,,,,
502 Dallas Road,Brown Bros.,,,$55.00,"Victoria, BC",,ACTIVE,"CT 205
K3",W3-R20,May,Y,Y,Y,Y,X,ANNUAL,Y,Y,Y,Y,Y,Y,,,,,
505 Quadra Street,Surfside Holdings Ltd. (Analogue Projects),Credit from QB $189. Apply to Q4 2025,,$60.00,"Victoria, BC",May-23,ACTIVE,QB 505,M2-R11,May,Y,Y,Y,X,Y,ANNUAL,Y,Y,Y,Y,Y,Y,,,,,
505 Su'it Street,Devon Properties,Formerly 505 Trutch,,$50.00,"Victoria, BC",Jan-23,ACTIVE,148,TH1-R9,February,Y,Y,Y,ANNUAL,Y,Y,Y,X,Y,Y,Y,Y,,,,,
506 Fort Street,Homesphere Properties ,,,$50.00,"Victoria, BC",,ACTIVE,383,TH2-R15,August,Y,Y,Y,Y,Y,Y,ANNUAL,Y,Y,Y,Y,Y,,,,,
507 Government Street,The Garth Homer Society,,,$65.00,"Victoria, BC",Nov-24,ACTIVE,No Keys,W3-R20,August,Y,Y,Y,Y,Y,Y,Y,ANNUAL,Y,Y,Y,Y,,,,,
508 Toronto Street,AQP Management,Deactivate Oct 31/25 -  Changed to AQP Management in April 2025,,$50.00,"Victoria, BC",Jan-23,CANCELLED,152,-,June,Y,Y,Y,Y,Y,Y,Y,Y,Y,Y,-,-,,,,,
5100 Pat Bay Highway,Victoria Rowing Society,,,$55.00,"Saanich, BC",Dec-21,ACTIVE,"VC 0015
[K1]",TU2-R12,July,Y,Y,Y,Y,Y,ANNUAL,Y,Y,Y,Y,Y,Y,,,,,
516 Quadra Street,Douglas Mgmt Corp. (was Hugh & McKinnon - but same owner),,,$55.00,"Victoria, BC",Nov-22,ACTIVE,"HA 615
K3",M1-R2,March,Y,Y,Y,ANNUAL,Y,Y,Y,Y,Y,Y,Y,Y,,,,,
517 Fisgard Street & 528 Pandora Avenue,Proline,cancelled service- Oct 8/24 (tw),,$55.00,"Victoria, BC",Sep-18,CANCELLED,YZ 715,-,September,-,-,-,-,-,-,-,-,-,-,-,-,,,,,
520 Cook Street,Newport ,,,$50.00,"Victoria, BC",,ACTIVE,423,TH1-R9,February,Y,ANNUAL,Y,Y,Y,Y,Y,Y,Y,Y,Y,Y,,,,,
520 Rithet Street,Newport Property management,,,$50.00,"Victoria, BC",,ACTIVE,403,M1-R2,January,ANNUAL,Y,Y,Y,Y,Y,Y,Y,Y,Y,Y,Y,,,,,
524 Culduthel Road,Devon Properties,,,$55.00,"Saanich, BC",Sep-24,ACTIVE,C425,M1-R1,July,X,Y,Y,Y,Y,ANNUAL,Y,Y,Y,Y,Y,Y,,,,,
531 West Bay Terrace,Starlight Properties c/o Devon Properties Ltd.,"May 2025 PO 1367338
June 2025PO 1367341",,$65.00,"Victoria, BC",May-25,ACTIVE,BW 135,W1-R7,December,-,-,-,-,Y,Y,Y,Y,Y,Y,Y,ANNUAL,,,,,
532 & 536 Herald Street,Belmont Properties,Months on invoice,,$55.00,"Victoria, BC",Jan-23,ACTIVE,179,TH3-R21,May,Y,Y,X,X,X,ANNUAL,Y,Y,Y,Y,Y,Y,,,,,
5332 Sayward Hill Crescent ,Firm Management,Credit from QB $34.07. Apply to Q4 2025,,$55.00,"Saanich, BC",Dec-24,ACTIVE,WS 2335,TU2-R12,September,Y,Y,Y,Y,Y,Y,Y,Y,ANNUAL,Y,Y,Y,,,,,
539-545 Fisgard Street,Servissio,,,$70.00,"Victoria, BC",Apr-23,ACTIVE,FA 935,TH3-R21,January,ANNUAL,Y,Y,Y,Y,Y,Y,Y,Y,Y,Y,Y,,,,,
540 Pandora Avenue,Pemberton Holmes,,,$65.00,"Victoria, BC",Nov-23,ACTIVE,DR 045,TH3-R21,August,Y,Y,Y,Y,Y,Y,Y,ANNUAL,Y,Y,Y,Y,,,,,
540 West Bay Terrace,Devon Properties,,,$65.00,"Esquimalt, BC",Jun-24,ACTIVE,YB 045,W1-R7,March,Y,Y,Y,Y,Y,Y,Y,Y,Y,Y,Y,X,,,,,
545 Johnson Street,Devon Properties,,,$50.00,"Victoria, BC",Jan-23,ACTIVE,401,TH3-R21,January,Y,Y,Y,Y,Y,Y,Y,Y,Y,Y,Y,Y,,,,,
546 Pandora Avenue,Servissio,Approved Dec/23,,$70.00,"Victoria, BC",Dec-23,ACTIVE,HD 645,TH3-R21,October,Y,Y,Y,Y,Y,Y,Y,Y,Y,Y,Y,Y,,,,,
55 Songhees Road                                 ,Brown Bros.,,,$55.00,"Esquimalt, BC",,ACTIVE,AB 55,W1-R7,October,Y,X,Y,Y,Y,Y,Y,Y,Y,ANNUAL,Y,X,,,,,
553/563 Johnson Street,Devon Properties,,,$50.00,"Victoria, BC",Jan-23,ACTIVE,400*,TH3-R21,March,Y,Y,ANNUAL,Y,Y,Y,Y,Y,Y,Y,Y,Y,,,,,
556 Herald Street,Devon Properties,,,$50.00,"Victoria, BC",Jan-23,ACTIVE,381,TH3-R21,March,Y,Y,ANNUAL,Y,Y,Y,Y,Y,Y,Y,Y,Y,,,,,
565 Manchester Road,Belmont Properties,"$50/m for 2024
Belmont sold - effective end of day September 6/24-tw)",,$50.00,"Victoria, BC",Apr-23,CANCELLED,455,-,January,-,-,-,-,-,-,-,-,-,-,-,-,,,,,
565 Toronto Street,Devon Properties,,,$55.00,"Victoria, BC",Jul-24,ACTIVE,TN 565,W3-R20,March,Y,Y,Y,Y,Y,Y,Y,Y,Y,Y,Y,Y,,,,,
60 Dallas Road,South Island Property Mgmt,,,$55.00,"Victoria, BC",Mar-13,ACTIVE,"FT 06
K10",W3-R20,July,Y,Y,Y,Y,Y,Y,ANNUAL,Y,Y,Y,Y,Y,,,,,
600 Douglas Street,Nexcan Enterprises,,,$85.00,"Victoria, BC",Jun-23,ACTIVE,N/A,M2-R11,October,Y,Y,Y,X,Y,Y,Y,Y,Y,ANNUAL,Y,Y,,,,,
600 Richmond Road,St. Matthias Angelican Church,,,$55.00,"Victoria, BC",Apr-23,ACTIVE,MC006,M2-R11,March,Y,Y,Y,ANNUAL,Y,Y,Y,Y,X,X,Y,Y,,,,,
601 Canteen Road,Township of Esquimalt,,,$65.00,"Esquimalt, BC",Feb-24,ACTIVE,N/A,W1-R7,September,Y,Y,Y,Y,Y,Y,Y,Y,Y,Y,Y,X,,,,,
605 Cook Street                                                              ,Brown Bros.,,,$55.00,"Victoria, BC",,ACTIVE,"N 506
K3",TH1-R9,July,Y,Y,Y,Y,Y,ANNUAL,Y,Y,Y,Y,Y,Y,,,,,
612 Goldstream Avenue,Pacifica Housing,,,$65.00,"Langford, BC",Aug-24,ACTIVE,G 216,TU1-R5,October,X,Y,Y,Y,Y,Y,Y,Y,Y,ANNUAL,Y,Y,,,,,
614 Esquimalt Road,Horizon Contracting Ltd,,,$65.00,"Victoria, BC",May-25,ACTIVE,QS 416,W1-R7,April,-,-,-,ANNUAL,Y,Y,Y,Y,Y,Y,Y,X,,,,,
616 Goldstream Avenue,Pacifica Housing,,,$65.00,"Langford, BC",Aug-24,ACTIVE,G 216,TU1-R5,October,X,Y,Y,Y,Y,Y,Y,Y,Y,ANNUAL,Y,Y,,,,,
620 View Street,Equitex,$65 noted starting April 2025. Previously $50 - Not really sure when it changed,,$65.00,"Victoria, BC",,ACTIVE,N/A,M1-R2,March,Y,Y,Y,ANNUAL,X,Y,Y,Y,Y,Y,Y,Y,,,,,
622 Admirals Road,Chartwell Retirement Residences,Keys returned November 2025,,$125.00,"Victoria, BC",Jan-25,CANCELLED,DA 226,-,May,Y,Y,Y,Y,ANNUAL,Y,Y,Y,Y,Y,-,-,,,,,
623 Fort Street,Fort Street Properties  (Colliers),,,$50.00,"Victoria, BC",Jan-23,ACTIVE,"FS 326
[K1]",TH2-R15,March,Y,Y,Y,Y,Y,Y,Y,Y,Y,Y,Y,Y,,,,,
625 Fernhill Road,Belmont Properties,"
$50/m for 2024
$55 after June 2025",,$55.00,"Esquimalt, BC",Apr-23,ACTIVE,448,W1-R7,March,Y,Y,Y,Y,ANNUAL,Y,Y,Y,Y,Y,Y,X,,,,,
625 Hillside Avenue,Devon,Keys delivered May 2025,,$50.00,"Victoria, BC",,CANCELLED,436,-,January,Y,Y,X,ANNUAL,-,-,-,-,-,-,-,-,,,,,
635 Battery Street,Newport Property Management,,,$50.00,"Victoria, BC",,ACTIVE,343,M1-R2,November,Y,Y,Y,Y,Y,Y,Y,Y,Y,Y,ANNUAL,Y,,,,,
636 Dallas Road,Devon Properties,,,$55.00,"Victoria, BC",Mar-25,ACTIVE,LD 636,M1-R2,April,X,X,Y,Y,X,ANNUAL,Y,Y,Y,Y,Y,Y,,,,,
636 Fisgard Street,Vic Chinese School,"$55/month
no testing in July or August as school is closed",,$55.00,"Victoria, BC",,ACTIVE,KEY AT SITE,TH3-R21,May,X,Y,X,X,Y,ANNUAL,X,X,Y,Y,Y,X,,,,,
640 Michigan Street,Tribe Management Inc ,,,$75.00,"Victoria, BC",Jan-25,ACTIVE,SM 046,W3-R20,November,Y,Y,Y,Y,Y,Y,Y,Y,Y,Y,Y,Y,,,,,
644 Linden Avenue,Brown Bros.,,,$50.00,"Victoria, BC",23-Sep,CANCELLED,BL 446,-,August,-,-,-,-,-,-,-,-,-,-,-,-,,,,,
645 Fort Street,Newport Property,,,$50.00,"Victoria, BC",Jan-23,ACTIVE,N/A,TH2-R15,May,Y,Y,Y,Y,Y,ANNUAL,Y,Y,Y,Y,Y,Y,,,,,
650 View Street,Servissio,"(includes 658 View, 1203 & 1205 Broad)",,$55.00,"Victoria, BC",Nov-20,ACTIVE,"FB 056
K2",TH2-R15,October,Y,Y,Y,Y,Y,X,Y,X,X,X,X,ANNUAL,,,,,
651 Jolly Place,Cornerstone,,,$55.00,"Victoria, BC",Sep-20,ACTIVE,JP 156,TU1-R4,January,Y,ANNUAL,Y,Y,Y,X,Y,Y,Y,Y,Y,Y,,,,,
654 Granderson Road,Pemberton Holmes - Residential,,,$65.00,"Victoria, BC",Jul-25,ACTIVE,GD 456,TU1-R5,July,-,-,-,-,-,ANNUAL,Y,Y,Y,Y,Y,Y,,,,,
655 Douglas Street,Concert Properties,,,$60.00,"Victoria, BC",May-23,ACTIVE,QA 556,TU3-R18,April,Y,ANNUAL,Y,Y,ANNUAL,Y,Y,Y,Y,Y,Y,Y,,,,,
655 Herald Street                     ,Brown Bros.,,,$55.00,"Victoria, BC",,ACTIVE,"CW 556
K1-F2",TH3-R21,September,Y,Y,Y,Y,Y,Y,Y,Y,Y,ANNUAL,Y,Y,,,,,
663 Goldstream Avenue,Proline,$65/month (A),,$65.00,"Langford, BC",Jan-21,ACTIVE,"MPW 366
K8-G1",TU1-R5,June,X,Y,Y,Y,Y,ANNUAL,Y,Y,Y,Y,Y,Y,,,,,
6649 Butler Cresecent,TPM Properties,$65/month (A),,$65.00,"Saanichton, BC",Aug-21,ACTIVE,BB 9466,TU2-R12,June,Y,Y,Y,Y,Y,ANNUAL,Y,Y,Y,Y,Y,Y,,,,,
670 Dallas Road,Proline,,,$55.00,"Victoria, BC",Restart Nov/22,ACTIVE,"O 076
K2-F1",W3-R20,July,Y,Y,Y,Y,Y,Y,ANNUAL,Y,Y,Y,Y,Y,,,,,
6772 Oldfield Road,Capital West,"PO Required
$60/month",,$60.00,"Saanichton, BC",Sep-24,ACTIVE,OF 2776,TU2-R12,December,Y,Y,Y,Y,Y,Y,Y,Y,Y,Y,Y,ANNUAL,,,,,
6776 Oldfield Road,Capital West,"PO Required
$60/month",,$60.00,"Saanichton, BC",Sep-24,ACTIVE,OF 2776,TU2-R12,December,Y,Y,Y,Y,Y,Y,Y,Y,Y,Y,Y,ANNUAL,,,,,
681 Allandale Road,Sherringham Holdings,Building B,,$55.00,"Langford, BC",Jun-24,ACTIVE,AR 186,TU1-R5,December,Y,Y,Y,Y,Y,Y,Y,Y,Y,Y,Y,ANNUAL,,,,,
681 Allandale Road,Sherringham Holdings,Building C,,$55.00,"Langford, BC",Jun-24,ACTIVE,AR 186,TU1-R5,December,Y,Y,Y,Y,Y,Y,Y,Y,Y,Y,Y,ANNUAL,,,,,
681 Allandale Road,Sherringham Holdings,Building D,,$55.00,"Langford, BC",Jun-24,ACTIVE,AR 186,TU1-R5,December,Y,Y,Y,Y,Y,Y,Y,Y,Y,Y,Y,ANNUAL,,,,,
681 Allandale Road,Sherringham Holdings,Building E,,$55.00,"Langford, BC",Jun-24,ACTIVE,AR 186,TU1-R5,December,Y,Y,Y,Y,Y,Y,Y,Y,Y,Y,Y,ANNUAL,,,,,
703 Broughton Street,Devon Properties,"single panel share with 933 Douglas Street. Effective April 2025, managed by Devon",,$65.00,"Victoria, BC",,ACTIVE,"H 307
K4",TH2-R15,November,Y,Y,Y,Y,Y,Y,Y,Y,Y,Y,Y,ANNUAL,,,,,
7088 Wallace Drive,Capital West,,,$60.00,"Saanich, BC",Mar-24,ACTIVE,VB 8807,TU2-R12,February,Y,ANNUAL,Y,Y,Y,Y,Y,Y,Y,Y,Y,Y,,,,,
709-715 Yates Street,Churchill on Yates GP C/O Daniel Belanger,,,$55.00,"Victoria, BC",Sep-16,ACTIVE,"R 527
K6-F1",TH2-R15,January,ANNUAL,Y,Y,Y,Y,Y,Y,Y,Y,X,Y,Y,,,,,
710 Fort Street,Ritz Hotel -Arpeg Group of Companies,,,$55.00,"Victoria, BC",Jun-12,ACTIVE,MEET KEN COOPER,TH2-R15,April,Y,Y,Y,Y,Y,ANNUAL,Y,Y,Y,Y,Y,Y,,,,,
710 Redbrick Street                                            ,710 Redbrick Joint Venture,,,$55.00,"Victoria, BC",Aug-15,ACTIVE,NO 017,TU3-R19,July,Y,Y,Y,Y,Y,Y,ANNUAL,Y,Y,Y,Y,Y,,,,,
711 Hillside Avenue,Pacific Cove Property Management Ltd.,,,$65.00,"Victoria, BC",Jun-25,ACTIVE,HD 117,TU3-R19,March,-,-,-,-,-,Y,Y,Y,Y,X,Y,Y,,,,,
712 Yates Street,Concert Realty Services Ltd.,"PO Required
$55/month",,$55.00,"Victoria, BC",Jan-14,ACTIVE,"LW 217
K2-F1",TH3-R21,September,Y,Y,Y,Y,Y,Y,Y,Y,Y,ANNUAL,Y,Y,,,,,
7161 West Saanich Road,Cornerstone,$65/month (A),,$65.00,"Brentwood Bay, BC",May-21,ACTIVE,BPV 1617,TU2-R12,June,Y,Y,Y,Y,Y,Y,Y,ANNUAL,Y,Y,Y,Y,,,,,
719-725 Yates Street,PCPM as Agent for the Churchill on Yates,,,$55.00,"Victoria, BC",,ACTIVE,"R 527
K6-F1",TH2-R15,January,ANNUAL,Y,Y,Y,Y,Y,Y,X,X,X,Y,Y,,,,,
720 Vancouver Street,Century 21 Queenswood,,,$50.00,"Victoria, BC",Jan-23,ACTIVE,69,TH1-R9,January,Y & ANNUAL,Y,Y,Y,Y,Y,Y,Y,Y,Y,Y,Y,,,,,
722 Johnson Street,722 Johnson Street Joint Venture  ,,,$65.00,"Victoria, BC",Nov-23,ACTIVE,JS 227,TH3-R21,November,Y,Y,Y,Y,Y,Y,Y,Y,Y,Y,Y,ANNUAL,,,,,
723 Field Street,Pemberton Holmes,,,$65.00,"Victoria, BC",Feb-24,ACTIVE,LF 327,TH3-R21,October,Y,Y,Y,Y,Y,Y,Y,Y,ANNUAL,Y,X,Y,,,,,
727 Fisgard Street,Colliers,"PO Required
$55/month",,$55.00,"Victoria, BC",,CANCELLED,"FI 727
K4-F1",-,February,Y,-,-,-,-,-,-,-,-,-,-,-,,,,,
728 Yates Street,Tribe Management,,,$85.00,"Victoria, BC",Jul-23,ACTIVE,TE 827,TH3-R21,November,ANNUAL,Y,Y,Y,Y,Y,Y,X,Y,Y,Y,Y,,,,,
730 Vancouver Street,Devon Properties,,,$50.00,"Victoria, BC",Jan-23,ACTIVE,149,TH1-R9,April,Y,Y,Y,Y,ANNUAL,Y,Y,Y,Y,Y,Y,Y,,,,,
733 Goldstream Avenue,Starlight/Devon,,,$50.00,"Langford, BC",Jan-23,ACTIVE,326,TU1-R5,April,X,Y,Y,Y,Y,Y,Y,Y,ANNUAL,Y,Y,Y,,,,,
734 - 736 Broughton Street,Richmond Property Group,,,$60.00,"Victoria, BC",Jul-14,ACTIVE,"BL 437
K1",TH2-R15,August,Y,Y,Y,Y,Y,Y,Y,Y,Y,ANNUAL,Y,Y,,,,,
738 Sayward Hill,Firm Management,,,$55.00,"Saanich, BC",Jan-21,ACTIVE,SH 837,TU2-R12,April,Y,Y,Y,Y,ANNUAL,Y,Y,Y,Y,Y,Y,Y,,,,,
747 Fort Street,Associated Building Credits Ltd. c/o Breakwater Realty Inc.,,,$65.00,"Victoria, BC",Nov-23,ACTIVE,RF 747,TH2-R15,January,Y,Y,Y,Y,Y,ANNUAL,Y,Y,Y,Y,Y,Y,,,,,
750 Pemberton Road,750 Pemberton Developments Ltd.,,,$55.00,"Victoria, BC",Sep-15,ACTIVE,"CP 057
K1",M1-R1,September,Y,Y,Y,Y,Y,Y,Y,Y,Y,ANNUAL,Y,Y,,,,,
755 Market Street,TPM $45,,,$50.00,"Victoria, BC",Jan-23,ACTIVE,398,TU3-R19,May,Y,Y,Y,Y,Y,ANNUAL,Y,Y,Y,Y,Y,Y,,,,,
760 Johnson Street,Tribe Management,Keys returned November 2025,,$60.00,"Victoria, BC",Feb-24,CANCELLED,ND 067,-,October,Y,Y,Y,Y,Y,Y,Y,Y,-,-,-,-,,,,,
7611 Central Saanich Road,Victoria Native Friendship Centre,,,$75.00,"Saanich, BC",Aug-25,ACTIVE,SC1167,TU2-R12,November,-,-,-,-,-,-,-,Y,Y,ANNUAL,Y,Y,,,,,
765 Hockley Avenue,Centurion Property Associates,Month on invoice,,$55.00,"Langford, BC",Jan-23,ACTIVE,327,TU1-R5,March,Y,Y,ANNUAL,Y,Y,Y,Y,Y,Y,Y,Y,Y,,,,,
765 Vanalman Avenue,Bosa Properties,,,$70.00,"Victoria, BC",Sep-23,ACTIVE,LA 567,TU1-R4,July,Y,Y,Y,Y,Y,Y,Y,Y,ANNUAL,Y,Y,Y,,,,,
770 Cormorant Street                                        ,Firm Management,,,$55.00,"Victoria, BC",,ACTIVE,"DP 077
K6-F1",TH3-R21,February,Y,ANNUAL,Y,Y,Y,Y,Y,Y,Y,Y,Y,Y,,,,,
772 Hockley Avenue,Centurion Property Associates,Month on invoice,,$55.00,"Langford, BC",Jan-23,ACTIVE,327,TU1-R5,July,Y,Y,Y,Y,Y,Y,Y,ANNUAL,Y,Y,Y,Y,,,,,
777 Blanshard Street,Proline,,,$55.00,"Victoria, BC",Dec-13,ACTIVE,"TS 777
K3-F1",TH2-R15,August,Y,Y,Y,Y,Y,Y,Y,Y,ANNUAL,Y,Y,Y,,,,,
777 Cook Street,Devon Properties,,,$50.00,"Victoria, BC",Jan-23,ACTIVE,184,TH1-R9,April,Y,Y,Y,Y,Y,ANNUAL,Y,Y,Y,Y,Y,Y,,,,,
777 Hockley Avenue,Centurion Property Associates,Month on invoice,,$55.00,"Langford, BC",Jan-23,ACTIVE,327,TU1-R5,July,Y,Y,Y,Y,Y,Y,Y,ANNUAL,Y,Y,Y,Y,,,,,
777 Royal Oak Drive (100),Thrifty Foods,"Invoice Monthly starting Apr. 1/21 @ $275 (no TC06)  
Inv.23887 - Mar.31/21 @ $55 + TC06",,$275.00,"Saanich, BC",Mar-21,ACTIVE,No Key,M3-R17,February,Y,ANNUAL,Y,Y,Y,Y,Y,X,Y,Y,Y,Y,,,,,
778 Hockley Avenue,Centurion Property Associates,Month on invoice,,$55.00,"Langford, BC",Jan-23,ACTIVE,327,TU1-R5,July,Y,Y,Y,Y,Y,Y,Y,ANNUAL,Y,Y,Y,Y,,,,,
780 Kings Road,Chek TV,,,$55.00,"Victoria, BC",Mar-23,ACTIVE,CN 087,M2-R11,January,X,Y,Y,X,X,Y,Y,Y,Y,Y,Y,Y,,,,,
784 Hockley Avenue,Centurion Property Associates,Month on invoice,,$55.00,"Langford, BC",Jan-23,ACTIVE,327,TU1-R5,August,Y,Y,Y,Y,Y,Y,Y,ANNUAL,Y,Y,Y,Y,,,,,
7840 Lochside Drive,Starlight/Devon,,,$50.00,"Saanich, BC",,ACTIVE,CH 0487,TU2-R12,October,Y,Y,X,Y,Y,Y,Y,Y,Y,Y,Y,Y,,,,,
7860 Wallace Drive,Thrifty Foods,"Invoice Monthly starting Apr. 1/21 @ $275 (no TC06)  
Inv.23887 - Mar.31/21 @ $65 + TC07.  Was TH4",,$275.00,"Saanichton, BC",Dec-20,ACTIVE,No Key,M3-R17,May,Y,Y,Y,X,ANNUAL,Y,Y,Y,Y,X,Y,X,,,,,
7878 E. Saanich Road,Devon Properties,,,$50.00,"Saanichton, BC",Jan-23,ACTIVE,421,TU2-R12,December,Y,Y,X,Y,Y,Y,Y,Y,Y,Y,Y,ANNUAL,,,,,
790 Hockley Avenue,Centurion Property Associates,Month on invoice,,$50.00,"Langford, BC",Jan-23,ACTIVE,327,TU1-R5,July,Y,Y,Y,Y,Y,Y,Y,ANNUAL,Y,Y,Y,Y,,,,,
8 Bastion Square,Servissio ,$55/month. ,,$55.00,"Victoria, BC",Nov-15,ACTIVE,"Y 8
K10",TH2-R15,October,Y,Y,Y,Y,Y,Y,Y,Y,ANNUAL,Y,Y,Y,,,,,
800 Johnson Street                                       ,357689 BC LTD.,,,$55.00,"Victoria, BC",,ACTIVE,"TH 008
K1",TH1-R8,July,Y,Y,Y,Y,Y,Y,ANNUAL,Y,Y,Y,Y,Y,,,,,
803 Esquimalt Road,Capital West,,,$60.00,"Esquimalt, BC",Jun-23,ACTIVE,DC 308,W1-R7,May,Y,Y,Y,Y,Y,ANNUAL,Y,Y,Y,Y,Y,X,,,,,
805 Academy Close,TPM ,,,$50.00,"Victoria, BC",Jan-23,ACTIVE,399,TU3-R18,December,Y,Y,Y,Y,Y,Y,Y,Y,Y,Y,Y,ANNUAL,,,,,
810 Blanshard Street,Colliers,"NO PO Required
$55/month",,$55.00,"Victoria, BC",May-18,ACTIVE,"N 018
K1",TH2-R15,July,Y,X,X,Y,X,X,ANNUAL,X,Y,Y,Y,Y,,,,,
815 Queens Avenue,Devon Properties,,,$50.00,"Victoria, BC",Jan-23,ACTIVE,337,M1-R3,January,Y,ANNUAL,Y,Y,Y,Y,Y,Y,Y,Y,Y,Y,,,,,
818 Broughton Street,Hardal Management,Cancelled December 2025,,$65.00,"Victoria, BC",Nov-23,CANCELLED,TO 818,-,June,Y,Y,Y,Y,Y,Y,Y,ANNUAL,Y,X,X,-,,,,,
818 Fort Street,818 Fort Holdings c/o Servissio Property Services Ltd.,,,$55.00,"Victoria, BC",Sep-20,ACTIVE,No Key,TH2-R15,April,Y,Y,X,Y,Y,Y,Y,Y,Y,Y,Y,Y,,,,,
821 Hockley Avenue,Centurion Properties,Month on invoice,,$55.00,"Langford, BC",Jan-23,ACTIVE,353,TU1-R5,September,Y,Y,Y,Y,Y,Y,Y,Y,ANNUAL,Y,Y,Y,,,,,
825 Cook Street,Devon Properties,,,$50.00,"Victoria, BC",Jan-23,ACTIVE,51,TH1-R9,July,Y,Y,Y,Y,Y,ANNUAL,Y,Y,Y,Y,Y,Y,,,,,
829 Fisgard Street,Pacifica Housing,,,$65.00,"Victoria, BC",Aug-24,ACTIVE,F 928,M1-R3,October,Y,Y,Y,Y,X,Y,Y,Y,Y,ANNUAL,Y,Y,,,,,
830 Pembroke Street,Devon Properties 45,,,$50.00,"Victoria, BC",Jan-23,ACTIVE,154,M1-R3,March,X,Y,Y,ANNUAL,Y,Y,Y,Y,Y,Y,Y,Y,,,,,
831 Dunsmuir Road,Belmont Properties,"
Months on invoice",,$60.00,"Esquimalt, BC",Oct-25,ACTIVE,DN 138,W1-R7,April,-,-,-,-,-,-,-,-,-,Y,Y,X,,,,,
831 Fisgard Street,1134819 BC LTD.,,,$55.00,"Victoria, BC",Jan-21,ACTIVE,"IM 138
K1",M1-R3,February,Y,ANNUAL,Y,Y,Y,Y,Y,Y,Y,Y,Y,Y,,,,,
836 Yates Street,Colliers,,,$55.00,"Victoria, BC",,ACTIVE,"YC 638
K1-F1",TH1-R8,July,Y,Y,Y,Y,X,X,ANNUAL,X,X,X,X,Y,,,,,
837 Ellery Street,Devon Properties Ltd.,Dec 2025 PO - 1446795,,$65.00,"Victoria, BC",Nov-25,ACTIVE,EY738,W2-R22,March,-,-,-,-,-,-,-,-,-,-,X,Y,,,,,
838 Fort Street,Minzar Holdings Ltd,,,$55.00,"Victoria, BC",May-19,ACTIVE,"E 838
K2-F1",M1-R2,January,Y,ANNUAL,Y,Y,Y,Y,Y,Y,Y,Y,Y,Y,,,,,
840 Fort Street,Servisso Property Service ,,,$50.00,"Victoria, BC",,ACTIVE,414,TH2-R15,December,Y,Y,Y,Y,Y,Y,Y,Y,Y,Y,Y,Y,,,,,
840 Humboldt Street,Devon Properties,Apr/24: ownership changed. On hold until we hear back- put cancelled per not hearing anything back - September 2025,,$50.00,"Victoria, BC",Jan-23,CANCELLED,122,-,July,-,-,-,-,-,-,-,-,-,-,-,-,,,,,
843 Craigflower Road,Belmont Properties,"
Months on invoice",,$55.00,"Esquimalt, BC",Apr-23,ACTIVE,450,W2-R22,October,Y,X,Y,Y,Y,Y,Y,Y,ANNUAL,Y,X,Y,,,,,
844 Courtney Street,Richmond Property Group,,,$55.00,"Victoria, BC",Oct-18,ACTIVE,"V 448
K1-F1",TH2-R15,September,Y,Y,Y,Y,Y,Y,Y,Y,Y,Y,ANNUAL,Y,,,,,
845 Yates Street,Firm Management,Cancelled October 2025 ,,$55.00,"Victoria, BC",,CANCELLED,"TW 548
K1-F1",-,March,Y,Y,Y,Y,X,X,X,Y,X,-,-,-,,,,,
847 Fisgard Street,Kuta Realty Consultants Ltd.,First 3 months are $65 - change to $75 after that,,$65.00,"Victoria, BC",Aug-25,ACTIVE,No keys,TH3-R21,January,-,-,-,-,-,-,-,Y,Y,Y,Y,Y,,,,,
850 Cook Street,Newport C. Selenz,,,$50.00,"Victoria, BC",Jan-23,ACTIVE,11,TH1-R9,September,Y,Y,Y,Y,Y,Y,Y,Y,ANNUAL,Y,Y,Y,,,,,
853 Burdett Avenue,TPM ,,,$50.00,"Victoria, BC",Jan-23,ACTIVE,397,TH2-R15,June,X,Y,Y,Y,Y,ANNUAL,Y,Y,Y,Y,Y,Y,,,,,
855 Ellery Street,Devon Properties,,,$50.00,"Esquimalt, BC",Jan-23,ACTIVE,144,W2-R22,August,Y,X,Y,Y,Y,Y,Y,ANNUAL,Y,Y,X,Y,,,,,
866 Craigflower Road,Belmont Properties,Months on invoice,,$55.00,"Esquimalt, BC",Apr-23,ACTIVE,449,W2-R22,March,Y,X,Y,Y,ANNUAL,Y,Y,Y,Y,Y,X,Y,,,,, 
875 North Park Street,North Park Manor Society  ,,,$125.00,"Victoria, BC",Mar-25,ACTIVE,KP 578,M1-R3,September,X,X,Y,Y,Y,Y,Y,Y,ANNUAL,Y,Y,Y,,,,,
877 Goldstream Avenue,Richmond Property Group,$65/month (A),,$65.00,"Langford, BC",Jun-20,CANCELLED,"LT 778
K2",-,May,Y,Y,Y,-,-,-,-,-,-,-,-,-,,,,,
879 Esquimalt Road,Brown Bros.,,,$50.00,"Esquimalt, BC",,ACTIVE,430,W1-R7,September,Y,Y,Y,Y,Y,Y,Y,Y,Y,ANNUAL,Y,X,,,,,
880 McKenzie Avenue,St. Andrew's Regional High School,,,$65.00,"Victoria, BC",Oct-23,ACTIVE,,TU3-R19,August,X,X,Y,Y,Y,X,X,ANNUAL,Y,Y,Y,X,,,,,
890 Academy Close,Breakwater Realty,"PO Required
$55/month",,$55.00,"Victoria, BC",,ACTIVE,"S 098
K2",TU3-R18,January,ANNUAL,Y,Y,Y,Y,Y,Y,Y,Y,Y,Y,Y,,,,,
894 Vernon Avenue,Firm Management,,,$60.00,"Victoria, BC",Apr-23,ACTIVE,CG 498,TU3-R19,May,Y,Y,Y,Y,ANNUAL,Y,Y,Y,Y,Y,Y,Y,,,,,
895 Fort Street,Pacific Arbour,,,$65.00,"Victoria, BC",,ACTIVE,71,M1-R2,  ,Y,Y,Y,Y,Y,Y,Y,Y,Y,Y,Y,Y,,,,,
898 Vernon Avneue,Firm Management,,,$60.00,"Victoria, BC",Apr-23,ACTIVE,CG 498,TU3-R19,May,Y,Y,Y,Y,ANNUAL,Y,Y,Y,Y,Y,Y,Y,,,,,
899 Darwin Avenue,Firm Management,,,$60.00,"Victoria, BC",Apr-23,ACTIVE,CG 498,TU3-R19,May,Y,Y,Y,Y,ANNUAL,Y,Y,Y,Y,Y,Y,Y,,,,,
903 Esquimalt Road,Proline Management,,,$55.00,"Esquimalt, BC",Mar-23,ACTIVE,457,W1-R7,August,Y,Y,Y,Y,Y,Y,Y,Y,ANNUAL,Y,Y,X,,,,,
906 Southgate Street,South Island Property Mgmt (was Strata Plan Vis 742,,,$55.00,"Victoria, BC",Jul-13,ACTIVE,"HT 609
K2",TU3-R18,January,ANNUAL,Y,Y,Y,Y,Y,Y,Y,Y,Y,Y,Y,,,,,
908 Market Street,Starlight Properties c/o Devon Properties,NEW Jan/24,,$60.00,"Victoria, BC",Jan,ACTIVE,MS 809,M1-R1,September,Y,Y,Y,Y,Y,Y,ANNUAL,Y,Y,Y,Y,Y,,,,,
908 Pandora Avenue,Colliers,"Annual in Dec/23, Service starts Jan/24",,$65.00,"Victoria, BC",Jan-24,ACTIVE,PD 809,TH2-R15,December,ANNUAL,Y,Y,Y,Y,Y,Y,Y,Y,Y,Y,Y,,,,,
909 Fairfield Road,Red Cross,,,$55.00,"Victoria, BC",Feb-16,ACTIVE,KEY AT SITE,TU3-R18,September,Y,Y,Y,Y,Y,Y,Y,Y,Y,Y,Y,Y,,,,,
909 Pendergast Street,Devon Properties,Moved to R2 in August 2025 (was R18),,$65.00,"Victoria, BC",Oct-23,ACTIVE,GT 909,M1-R2,September,Y,Y,Y,Y,Y,Y,Y,Y,ANNUAL,Y,Y,Y,,,,,
911 Yates Street & 990 View Street,Colliers,"NO PO Required
$55/month",,$55.00,"Victoria, BC",,ACTIVE,"HG 099
K7",TH1-R8,September,Y,Y,Y,Y,X,X,X,X,ANNUAL,X,X,Y,,,,,
912 Selkirk Avenue,Century 21 Queenswood Realty Ltd.,,,$75.00,"Victoria, BC",Jun-25,ACTIVE,KK 219,W2-R22,December,-,-,-,-,-,Y,Y,Y,Y,Y,X,ANNUAL,,,,,
914 Yates Street,Colliers,"PO Required
$55/month",,$55.00,"Victoria, BC",,ACTIVE,"PG 419
K2",TH1-R8,September,Y,Y,Y,Y,X,X,X,X,X,ANNUAL,X,Y,,,,,
915 Cook Street,Devon Properties,,,$50.00,"Victoria, BC",Jan-23,ACTIVE,185,TH1-R9,April,Y,Y,Y,Y,ANNUAL,Y,Y,Y,Y,Y,Y,Y,,,,,
919 Fort Street,Newport,,,$50.00,"Victoria, BC",Jan-23,ACTIVE,131,TH1-R8,June,Y,Y,Y,Y,Y,ANNUAL,Y,Y,Y,Y,Y,Y,,,,,
919 Market Street,Pemberton Residential,,,$50.00,"Victoria, BC",Jan-23,ACTIVE,376,TU3-R19,September,ANNUAL,Y,Y,Y,Y,Y,Y,Y,Y,Y,Y,Y,,,,,
920 Hillside Avenue,Tetcum Property,,,$50.00,"Victoria, BC",Apr-23,ACTIVE,"385 
(K2)",TU3-R19,October,Y,Y,Y,Y,Y,Y,Y,Y,ANNUAL,Y,Y,Y,,,,,
925 Esquimalt Road,Belmont Properties,Months on invoice,,$55.00,"Esquimalt, BC",Apr-23,ACTIVE,451,W1-R7,March,Y,Y,Y,ANNUAL,Y,Y,Y,Y,Y,Y,Y,X,,,,,
931 Foul Bay Road,Abbeyfield Legacy Society,,,$55.00,"Victoria, BC",Aug-21,ACTIVE,"AA 139
K1",TU2-R13,March,Y,Y,ANNUAL,Y,Y,Y,Y,Y,Y,Y,Y,Y,,,,,
938 Dunford Ave,Tribe Management,,,$65.00,"Langford, BC",Jan-22,ACTIVE,"TD 839
K3",TU1-R5,November,Y,X,X,Y,Y,Y,Y,Y,Y,Y,ANNUAL,Y,,,,,
942 Preston Way,Pemberton Holmes - Residential,,,$65.00,"Langford, BC",Jan-20,ACTIVE,"RL 249
K3",TU1-R5,April,Y,Y,Y,Y,ANNUAL,Y,Y,Y,Y,Y,Y,Y,,,,,
945 Reunion Avenue ,Killam Apartments REIT,Shares panel with & 955 Reunion Avenue ($50 per builidng) - Change to R17 in August 2025 (previously R5),,$100.00,"Langford, BC",,ACTIVE,459,M3-R17,February,Y,Y,Y,ANNUAL,Y,Y,Y,Y,Y,Y,Y,Y,,,,,
950 Rockland Avenue,Pacific Cove Property Management Ltd as Agent,,,$55.00,"Victoria, BC",Feb-17,ACTIVE,"VT 059
K2",TH1-R8,March,Y,Y,ANNUAL,Y,Y,Y,Y,Y,Y,Y,Y,Y,,,,,
955 Cook Street,Devon Properties,,,$50.00,"Victoria, BC",Jan-23,ACTIVE,50,TH1-R9,May,Y,Y,Y,Y,ANNUAL,Y,Y,Y,Y,Y,Y,Y,,,,,
964 Heywood Avenue,Devon Properties,,,$65.00,"Victoria, BC",Oct-23,ACTIVE,WD 469,TU3-R18,February,Y,ANNUAL,Y,Y,Y,Y,Y,Y,Y,Y,Y,Y,,,,,
971 Finlayson Street,Pacific Quorum,,,$55.00,"Victoria, BC",Jan-15,ACTIVE,FG 179,TU3-R19,May,Y,Y,Y,Y,ANNUAL,Y,Y,Y,Y,Y,Y,Y,,,,,
9710 2nd Street,Pemberton Holmes ,,,$50.00,"Sidney, BC",Jan-23,ACTIVE,374,F2-R16,November,Y,Y,Y,Y,Y,Y,X,X,X,Y,ANNUAL,Y,,,,,
9762 Third Street,Devon Properties,,,$65.00,"Sidney, BC",Nov-23,ACTIVE,HD 2679,F2-R16,October,Y,Y,Y,Y,Y,Y,Y,Y,X,ANNUAL,Y,Y,,,,,
9810 Seventh Street,Thrifty Foods,"Invoice Monthly starting Apr. 1/21 @ $275 (no TC06)  
Inv.23888 - Mar.31/21 @ $65 + TC07.   ",,$275.00,"Sidney, BC",Aug-20,ACTIVE,No Key,M3-R17,November,Y,Y,Y,Y,X,Y,Y,Y,Y,Y,ANNUAL,X,,,,,
9810 Seventh Street,Colliers - Mall,"PO Required
$65/month",,$65.00,"Sidney, BC",Jun-21,ACTIVE,MM 0189,F1-R10,September,X,Y,Y,Y,Y,Y,Y,Y,Y,ANNUAL,Y,Y,,,,,
9824-9830 Fourth Street,RealHomes Management Corp.,$65/month (A),,$65.00,"Sidney, BC",Nov-19,ACTIVE,TA 0389,F1-R10,November,Y,Y,Y,Y,Y,Y,Y,Y,Y,Y,ANNUAL,Y,,,,,
9830 Second Street,Firm Management,,,$50.00,"Sidney, BC",Jan-23,ACTIVE,355,F1-R10,March,Y,Y,Y,Y,ANNUAL,Y,Y,Y,Y,Y,Y,Y,,,,,
9836 Second Street,Devon Properties,,,$50.00,"Sidney, BC",Mar-23,ACTIVE,444,F1-R10,July,Y,Y,Y,Y,Y,Y,ANNUAL,Y,Y,Y,Y,Y,,,,,
984 Mckenzie Avenue,Starlight/Devon,,,$55.00,"Saanich, BC",Sep-24,ACTIVE,ZM 489,W1-R6,January,Y,Y,Y,Y,Y,X,X,Y,Y,Y,Y,Y,,,,,
9843 Second Street,Devon Properties,"Devon took over July 2025
$65/Month",,$65.00,"Sidney, BC",Sep-23,ACTIVE,SC 3489,F1-R10,February,Y,ANNUAL,Y,Y,Y,Y,Y,Y,Y,Y,Y,Y,,,,,
9851 Seaport Place,"Shops at the Port of Sidney
C/O The Marker Group","PO Required
$65/month",,$65.00,"Sidney, BC",Feb-21,ACTIVE,SEA 1598,F1-R10,April,Y,Y,Y,ANNUAL,X,Y,Y,Y,Y,Y,Y,Y,,,,,
9851 Second Street,Firm Management,,,$50.00,"Sidney, BC",,ACTIVE,415,F1-R10,December,X,X,Y,Y,Y,Y,Y,Y,Y,Y,Y,ANNUAL,,,,,
9858 Fifth Street,Wexford Condominiums ,Credit from QB $157.50. Apply to Q4 2025,,$50.00,"Sidney, BC",Jan-23,ACTIVE,360,F1-R10,April,Y,Y,Y,ANNUAL,Y,Y,Y,Y,Y,Y,Y,Y,,,,,
9861 Fifth Street,Brown Bros.,,,$50.00,"Sidney, BC",Jan-23,ACTIVE,354,F1-R10,August,Y,Y,Y,Y,Y,Y,ANNUAL,Y,Y,Y,Y,Y,,,,,
9861 Third Street,Colyvan Pacific,"Effective 02/28/25, Associa no longer manage location",,$55.00,"Sidney, BC",,ACTIVE,441,F1-R10,March,Y,Y,ANNUAL,Y,Y,Y,Y,Y,Y,Y,Y,Y,,,,,
9870 Second Street,Gibraltar,,,$50.00,"Sidney, BC",,ACTIVE,389,F1-R10,December,Y,Y,Y,Y,Y,Y,Y,Y,Y,Y,Y,ANNUAL,,,,,
9871 Second Street,Harbour Front,,,$50.00,"Sidney, BC",Jan-23,ACTIVE,357,F1-R10,November,Y,Y,Y,Y,Y,Y,Y,Y,Y,Y,ANNUAL,Y,,,,,
9880 Fourth Street,Sutton,,,$55.00,"Sidney, BC",Jan-23,ACTIVE,380,F1-R10,May,Y,Y,Y,Y,ANNUAL,Y,Y,Y,Y,Y,Y,Y,,,,,
9891 Seaport Place,"Shops at the Port of Sidney
C/O The Marker Group","PO Required
$65/month",,$65.00,"Sidney, BC",Jun-22,ACTIVE,No Key,F1-R10,February,Y,Y,ANNUAL,Y,Y,Y,Y,Y,Y,Y,Y,Y,,,,,
990 Fort Street,Devon Properties,,,$50.00,"Victoria, BC",Jan-23,ACTIVE,159,TH1-R8,June,Y,Y,Y,Y,Y,ANNUAL,Y,Y,Y,Y,Y,Y,,,,,
9900 Fifth Street,Edgeware Place,,,$50.00,"Sidney, BC",Jan-23,ACTIVE,369,F1-R10,November,Y,Y,Y,Y,Y,Y,Y,Y,Y,Y,ANNUAL,Y,,,,,
9905 Fifth Street,Pemberton Holmes,Starting Jan/24,,$60.00,"Sidney, BC",Jan-24,ACTIVE,FS 5099,F1-R10,May,Y,Y,Y,Y,Y,ANNUAL,Y,Y,Y,Y,Y,Y,,,,,
9911 McDonald Park,Sherringham Industries ,,,$70.00,"Sidney, BC",Jun-23,ACTIVE,,M3-R17,March,Y,Y,Y,ANNUAL,X,Y,Y,Y,Y,Y,Y,X,,,,,
9919 Fourth Street,Colyvan Pacific,,,$70.00,"Sidney, BC",Jul-23,ACTIVE,FT 9199,F1-R10,February,Y,ANNUAL,Y,Y,Y,Y,Y,Y,Y,Y,Y,Y,,,,,
9924 Third Street,Beacon Community Services,$65/month (A),,$65.00,"Sidney, BC",Jan-20,ACTIVE,IO 4299,F1-R10,February,Y,Y,ANNUAL,Y,Y,Y,Y,Y,Y,Y,Y,Y,,,,,
9950 4th Street,Freelance Strata Management ,,,$50.00,"Sidney, BC",Jan-23,ACTIVE,350,F1-R10,May,Y,Y,Y,Y,ANNUAL,Y,Y,Y,Y,Y,Y,Y,,,,,
9960 4th Street,Freelance Strata Management ,,,$50.00,"Sidney, BC",Jan-23,ACTIVE,375,F1-R10,May,Y,X,Y,Y,Y,ANNUAL,Y,Y,Y,Y,Y,Y,,,,,
9960 Third Street,Highstreet Fourth Street (2023) LP,,,$50.00,"Sidney, BC",Jan-23,CANCELLED,No Key,-,January,Y,-,-,-,-,-,-,-,-,-,-,-,,,,,
9972 Third Street,Highstreet Fourth Street (2023) LP,Cancelled in November 2025,,$50.00,"Sidney, BC",Jan-23,CANCELLED,No Key,-,January,Y,ANNUAL,Y,Y,Y,Y,Y,Y,Y,Y,Y,-,,,,,
9975 Fifth Street,Strata Corporation VIS 2278,,,$55.00,"Sidney, BC",,ON HOLD,-,-,October,-,-,-,-,-,-,-,-,-,-,-,-,,,,,
9993 Fourth Street,Complete Residential,,,$50.00,"Sidney, BC",,ACTIVE,417,F1-R10,April,Y,Y,Y,ANNUAL,Y,Y,Y,Y,Y,Y,Y,Y,,,,,
647 Goldstream Avenue,Brown Brothers Property Management,,,$75.00,"Langford, BC",Dec-25,WAITING KEYS,-,TU1-R5,-,-,-,-,-,-,-,-,-,-,-,-,Y,,,,,
646 Fairway Avenue,Brown Brothers Property Management,,,$65.00,"Langford, BC",Dec-25,WAITING KEYS,-,TU1-R5,-,-,-,-,-,-,-,-,-,-,-,-,Y,,,,,
3960-3962 Borden Street,Borden House Corporation,,,$75.00,"Victoria, BC",Dec-25,ACTIVE,No keys,TU1-R4,July,-,-,-,-,-,-,-,-,-,-,-,Y,,,,,
1205 Rudlin Street,Starlight Properties c/o Devon Properties Ltd.,,,$65.00,"Victoria, BC",Dec-25,ACTIVE,DR 5021,M1-R1,January,-,-,-,-,-,-,-,-,-,-,-,Y,,,,,
1035 North Park / 1720 Cook Street,First Service Residential,,,$75.00,"Victoria, BC",Dec-25,ACTIVE,TH 5301,M1-R3,June,-,-,-,-,-,-,-,-,-,-,-,Y,,,,,
1701 Cedar Hill X Road,First Service Residential,,,$75.00,"Victoria, BC",Jan-26,WAITING KEYS,-,,December,-,-,-,-,-,-,-,-,-,-,-,-,,,,,
252 Gorge Road E,First Service Residential,,,$75.00,"Victoria, BC",Jan-26,WAITING KEYS,-,,November,-,-,-,-,-,-,-,-,-,-,-,-,,,,,
254 Gorge Road E,First Service Residential,,,$75.00,"Victoria, BC",Jan-26,WAITING KEYS,-,,November,-,-,-,-,-,-,-,-,-,-,-,-,,,,,
258 Gorge Road E,First Service Residential,,,$75.00,"Victoria, BC",Jan-26,WAITING KEYS,-,,November,-,-,-,-,-,-,-,-,-,-,-,-,,,,,
2533 Dowler Place,First Service Residential,,,$75.00,"Victoria, BC",Dec-25,ACTIVE,LW 3352,M1-R3,April,-,-,-,-,-,-,-,-,-,-,-,-,,,,,
3205 Wetherby Road,First Service Residential,PO #1460878,,$75.00,"Victoria, BC",Jan-26,WAITING KEYS,-,,June,-,-,-,-,-,-,-,-,-,-,-,-,,,,,
3215 Wetherby Road,First Service Residential,PO #1460878,,$75.00,"Victoria, BC",Jan-26,WAITING KEYS,-,,June,-,-,-,-,-,-,-,-,-,-,-,-,,,,,
3255 Cook Street,First Service Residential,,,$75.00,"Victoria, BC",Jan-26,WAITING KEYS,-,W1-R6,June,-,-,-,-,-,-,-,-,-,-,-,-,,,,,
3868 Shelbourne Street,First Service Residential,,,$75.00,"Victoria, BC",Jan-26,WAITING KEYS,-,TH2-R23,June,-,-,-,-,-,-,-,-,-,-,-,-,,,,,
55 Bay Street,First Service Residential,PO #1455612,,$75.00,"Victoria, BC",Jan-26,WAITING KEYS,-,,May,-,-,-,-,-,-,-,-,-,-,-,-,,,,,
707 Esquimalt Road,First Service Residential,,,$75.00,"Victoria, BC",Jan-26,WAITING KEYS,-,,June,-,-,-,-,-,-,-,-,-,-,-,-,,,,,
45 Gorge Road,Devon Properties Ltd.,,,$65.00,"Victoria, BC",Dec-25,ACTIVE,GG54,W2-R22,January,-,-,-,-,-,-,-,-,-,-,-,Y,,,,,
640 Dallas Road,Starlight Properties c/o Devon Properties Ltd.,,,$65.00,"Victoria, BC",Dec-25,ACTIVE,LD 46,M1-R2,October,-,-,-,-,-,-,-,-,-,-,-,Y,,,,,
612 Constance Avenue,Devon Properties Ltd.,,,$75.00,"Victoria, BC",Dec-25,ACTIVE,CT 216,W1-R7,March,-,-,-,-,-,-,-,-,-,-,-,X,,,,,
1080 Cypress Road,Storyoga Inc.,,,$75.00,"North Saanich, BC",Dec-25,ACTIVE,CP 801,F1-R10,October,-,-,-,-,-,-,-,-,-,-,-,Y,,,,,
820 Craigflower Road,Starlight Properties c/o Devon Properties Ltd.,,,$65.00,"Esquimalt, BC",Dec-25,ACTIVE,FW 28,W2-R22,May,-,-,-,-,-,-,-,-,-,-,-,Y,,,,,
844 Fisgard Road,North Park Manor Society,,,$75.00,"Victoria, BC",Dec-25,ACTIVE,KP 578,M1-R3,September,-,-,-,-,-,-,-,-,-,-,-,Y,,,,,
,,,,,,,,,,,,,,,,,,,,,,,,,,,
,,,,,,,,,,,,,,,,,,,,,,,,,,,
,,,,,,,,,,,,,,,,,,,,,,,,,,,
,,,,,,,,,,,,,,,,,,,,,,,,,,,
,,,,,,,,,,,,,,,,,,,,,,,,,,,
,,,,,,,,,,,,,,,,,,,,,,,,,,,
,,,,,,,,,,,,,,,,,,,,,,,,,,,
,,,,,,,,,,,,,,,,,,,,,,,,,,,
